"h_code","tinh","household_size","head_gender","head_age","area_type1","area_type2","outpatient_visits","outpatient_cost","inpatient_visits","inpatient_cost","insurance_premium","insurance_outpatient","insurance_inpatient","medicine_cost","equipment_cost","health_subsidy","thubq","thunhap","salary","other_income","target_food_2016"
"010010000400815",1,5,1,35,1,1,3,1310,0,NA,290,2,2,980,150,0,9876,592600,297600,295000,24578
"010010002802514",1,5,2,63,1,1,1,600,0,NA,290,2,2,1500,200,150,3760,225650,181500,44000,11518
"010020006701613",1,5,1,53,1,1,1,950,0,NA,350,2,2,870,100,0,4698,281894,69500,6800,7707
"010040013903013",1,1,1,54,1,1,NA,NA,NA,NA,NA,2,2,300,0,0,9541,114500,98000,16500,4821
"010050016703013",1,2,1,65,25,1,2,600,0,NA,NA,2,2,100,30,0,15340,368180,330180,38000,5480.7
"010050016703014",1,7,2,61,1,1,2,2000,0,10000,NA,2,2,200,60,20000,6167,518064,474064,24000,11720.5
"010060019006013",1,5,1,57,19,1,1,550,0,NA,289,2,2,4000,0,0,7370,442200,408200,34000,16641
"010060019006015",1,5,1,72,34,1,1,600,0,9000,NA,2,2,1500,0,0,8100,486000,466000,20000,15154
"010070025901713",1,3,1,63,17,1,4,1200,0,2000,NA,1,1,6000,500,2000,1927,69380,62380,5000,2167
"010070028900715",1,3,1,77,1,1,2,240,0,NA,520,1,2,450,30,0,4900,176400,50400,10000,7845
"010090034305315",1,2,2,63,1,1,1,300,0,NA,NA,1,2,21000,350,15000,4854,116500,96000,5500,5537
"010090036703313",1,2,2,61,44,1,NA,NA,NA,NA,NA,2,2,350,0,0,14525,348600,345600,3000,9427
"010090036703314",1,6,2,61,33,1,6,4000,2,52000,NA,2,2,300,200,15000,5375,387000,370000,2000,16397
"010160041800814",1,4,1,38,1,1,NA,NA,NA,NA,290,2,2,400,0,0,1628,78178,60500,1000,3210
"010170046300113",1,3,2,52,1,1,1,300,0,1000,290,2,2,500,0,5000,2239,80635,51500,12500,1556
"010170046300114",1,3,1,46,1,1,2,2000,0,15000,290,1,1,300,0,8000,1544,55585,39000,2600,2503
"010170046300115",1,6,1,52,1,1,1,500,0,4000,NA,2,2,1500,100,0,3734,268898,120500,5000,6122
"010170049900913",1,7,1,66,1,1,1,180,0,NA,290,2,2,2000,0,0,1877,157735,70640,1500,6820
"010170049900915",1,5,1,37,1,1,8,3200,0,NA,290,2,2,1500,0,0,3164,189880,65000,71300,6374
"010180055301313",1,5,2,63,1,1,2,120,0,NA,290,2,2,630,20,0,1688,101300,52000,2500,4019
"010180055301314",1,5,1,48,1,1,1,70,0,6000,298,1,2,350,50,5500,1793,107590,48500,5000,5999
"010180055301315",1,2,1,81,1,1,0,2700,1,70000,621,1,2,250,0,20000,5401,129640,16800,92840,4970
"010200064001813",1,3,2,66,1,1,NA,NA,NA,NA,NA,2,2,1500,300,0,2603,93720,62720,31000,7153
"010200064001815",1,3,1,51,1,1,1,310,0,NA,290,2,2,410,120,0,3017,108630,52900,3400,4908
"010200067901913",1,4,1,33,1,1,NA,NA,NA,NA,289,2,2,450,100,0,2120,101800,100300,1500,7818
"010200067901914",1,3,2,50,1,1,NA,NA,NA,NA,289,2,2,200,0,0,1330,47895,43200,1000,1981
"012680953800513",1,5,2,67,1,1,2,400,0,NA,NA,2,1,500,0,0,3746,224800,208800,16000,10255
"012680953800514",1,7,2,62,1,1,1,300,0,18000,290,2,2,100,200,0,4207,353400,343400,10000,14525
"012680988601314",1,2,1,62,1,1,1,3000,0,NA,NA,NA,NA,1000,0,0,3750,90000,0,90000,3187
"012680988601315",1,5,1,59,1,1,NA,NA,NA,NA,600,2,2,200,0,0,3670,220200,87000,4000,6919
"012710964600815",1,5,1,47,1,1,0,NA,1,0,400,2,2,2000,500,0,2454,147280,124000,0,5613
"012710970600213",1,2,1,60,1,1,NA,NA,NA,NA,NA,2,2,1000,0,0,6135,147258,0,0,3350
"012710970600215",1,5,1,33,1,1,1,1000,0,NA,610,2,2,2000,1000,0,1131,67900,0,5000,3993
"012730979001114",1,7,1,51,1,1,NA,NA,NA,NA,NA,2,2,1000,100,0,1100,92400,0,3000,3855
"012730979001115",1,3,1,50,1,1,NA,NA,NA,NA,NA,NA,NA,850,100,0,2509,90340,82000,2000,2635
"012740984701713",1,4,2,61,1,1,5,300,0,2421,621,2,2,3000,2800,0,2549,122352,39300,28000,4157
"012740984701714",1,2,2,41,1,1,1,200,0,NA,NA,NA,NA,500,100,0,3476,83425,82000,500,1852
"012740984701715",1,5,1,38,1,1,NA,NA,NA,NA,290,2,2,800,20,0,1891,113500,0,33500,4986
"012750989501713",1,4,1,42,1,1,NA,NA,NA,NA,290,2,2,450,100,0,3062,147000,67850,0,3460
"012750989501715",1,4,1,33,1,1,NA,NA,NA,NA,300,2,2,150,0,0,1635,78490,39000,1200,2985
"012771001802813",1,2,1,51,1,1,NA,NA,NA,NA,NA,NA,NA,320,0,0,2073,49775,0,400,2305
"012771001802814",1,1,1,72,1,1,2,500,0,NA,NA,1,2,500,0,0,1140,13680,0,12000,1466
"012771007501213",1,5,2,52,1,1,5,200,0,NA,NA,1,2,1000,0,0,5295,317700,0,1200,10262
"012771007501214",1,6,1,56,1,1,2,220,0,NA,290,2,2,350,0,0,1944,139985,69400,1500,6857
"012781015300515",1,6,2,56,1,1,8,960,0,NA,650,2,2,200,0,0,1503,108235,85900,3000,1056
"012791023100514",1,4,1,42,1,1,2,300,0,NA,290,2,2,0,0,0,1809,86848,0,2500,2787
"012801031200414",1,5,2,85,1,1,5,500,0,NA,289,1,2,720,40,0,4378,262700,256500,6200,17275
"012811038700413",1,3,1,52,1,1,NA,NA,NA,NA,NA,NA,NA,130,260,0,1361,49020,30000,5000,3038
"012811038700414",1,1,2,50,1,1,NA,NA,NA,NA,NA,NA,NA,300,50,0,40216,482600,0,460000,1029
"012811038700415",1,5,1,43,1,1,1,0,0,NA,240,2,2,150,0,0,1275,76500,0,1000,4915
"012821045001113",1,7,1,38,1,1,1,660,0,2000,230,1,1,120,100,0,1878,157770,0,24600,2763
"012821045001115",1,1,2,71,1,1,1,100,0,NA,NA,1,2,150,0,400,466,5600,0,5200,428
"020260076000713",2,7,1,62,2,1,1,0,0,NA,NA,2,2,380,0,0,274,23076,0,1920,3173
"020260076000714",2,4,1,30,2,1,1,0,0,NA,NA,2,2,240,0,0,373,17929,0,1260,1298
"020260076000715",2,3,1,49,2,1,NA,NA,NA,NA,NA,2,2,190,0,0,737,26562,4140,0,1630
"020270081700613",2,5,1,25,2,1,0,NA,1,510,NA,2,2,0,0,200,551,33098,0,1160,1312
"020270081700614",2,5,2,55,2,1,NA,NA,NA,NA,NA,2,2,600,0,0,734,44092,22500,150,1509
"020270081700615",2,4,1,26,2,1,NA,NA,NA,NA,NA,2,2,500,40,0,670,32198,0,200,1055
"020280085902113",2,7,1,37,2,1,2,0,0,NA,NA,2,2,380,0,520,435,36606,0,1200,39671
"020280085902114",2,11,1,52,2,1,1,0,0,NA,NA,2,2,780,0,660,572,75599,23000,2200,48695
"020280085902115",2,6,2,54,2,1,NA,NA,NA,NA,NA,2,2,320,0,350,640,46107,12800,1500,28320
"020300091601413",2,4,1,40,2,1,3,0,0,NA,83,1,2,660,126,0,1253,60185,45000,50,3569
"020300091601414",2,3,1,50,2,1,NA,NA,NA,NA,83,2,2,680,158,0,1577,56778,0,22050,2996
"020300091601415",2,1,2,55,25,1,3,0,0,NA,NA,1,2,350,60,0,2909,34908,17400,850,1575
"020310098800313",2,4,1,48,2,1,1,245,0,NA,NA,1,2,500,0,0,2576,123652,57600,490,6330
"020310098800314",2,3,2,47,2,1,1,0,0,NA,NA,2,2,145,0,0,610,21973,3200,930,6419
"020310098800315",2,7,1,45,2,1,3,750,0,NA,NA,2,2,600,0,0,708,59483,13800,490,8410
"020320109300313",2,5,1,46,2,1,NA,NA,NA,NA,NA,2,2,0,145,0,688,41320,5630,380,1651
"020320109300315",2,4,1,33,2,1,0,NA,1,180,NA,2,2,0,150,0,699,33556,0,230,1946
"020340115302213",2,5,1,59,36,1,NA,NA,NA,NA,NA,2,2,420,0,0,1288,77295,42096,19550,4905
"020340115302214",2,3,1,51,34,1,NA,NA,NA,NA,NA,NA,NA,300,0,0,1874,67494,13800,1950,3910
"020340115302215",2,2,1,45,2,1,NA,NA,NA,NA,NA,2,2,350,0,0,1623,38966,31500,1600,1921
"020350122200513",2,4,1,35,2,1,NA,NA,NA,NA,NA,2,2,0,0,0,1504,72214,0,1050,3212
"020350122200514",2,5,1,40,2,1,NA,NA,NA,NA,NA,2,2,484,0,0,903,54218,0,1030,4403
"020350122200515",2,4,1,34,2,1,NA,NA,NA,NA,NA,2,2,130,0,0,1662,79776,0,350,3697
"040400127301113",4,4,2,51,4,1,3,65,0,NA,NA,2,2,1500,100,1800,9916,476000,282200,192000,16103
"040400127301114",4,6,2,66,36,1,12,0,0,700,NA,1,1,3000,600,1600,3637,261920,257220,3050,11749
"040400127301115",4,2,1,58,4,1,10,210,0,NA,NA,1,2,100,0,0,3414,81950,75600,6350,4750
"040430132100214",4,4,1,50,4,1,NA,NA,NA,NA,NA,2,2,0,0,0,3765,180750,180680,70,2121
"040430132100215",4,4,1,37,4,1,NA,NA,NA,NA,NA,2,2,250,0,0,3350,160811,151240,870,6630.5
"040440137200413",4,4,1,31,4,1,3,0,0,0,NA,1,1,70,0,0,1090,52349,0,370,3055
"040440137200414",4,4,1,30,4,1,1,0,1,300,NA,2,2,0,0,400,369,17742,0,4870,2751
"040440137200415",4,2,1,35,4,1,3,0,0,NA,NA,1,2,80,0,0,775,18623,3320,8910,771
"040470152200313",4,4,2,41,4,1,6,12000,6,30000,NA,2,2,6000,500,3000,417,20036,0,200,1812
"040470152200315",4,3,1,56,4,1,NA,NA,NA,NA,NA,2,2,250,0,0,604,21771,0,250,2574
"040470152200319",4,4,2,51,4,1,1,0,0,2500,NA,1,2,0,0,0,484,23254,0,10710,1764
"040490160601013",4,4,1,42,4,1,0,NA,1,10000,290,2,2,200,0,250,1029,49426,0,50,6256
"040490160601014",4,2,1,77,4,1,NA,NA,NA,NA,NA,2,2,510,0,100,415,9965,0,3830,6094
"040490160601015",4,4,1,71,4,1,NA,NA,NA,NA,NA,2,2,700,0,0,803,38588,14400,2250,2277
"040510169000413",4,5,1,47,4,1,1,50,0,NA,440,2,2,60,0,0,1101,66112,0,14650,5335
"040510169000414",4,4,1,51,4,1,2,0,0,NA,NA,1,2,300,0,0,1311,62934,36544,520,6160
"040510169000415",4,4,1,39,4,1,NA,NA,NA,NA,290,2,2,60,0,0,754,36200,10500,1050,3812
"040520172600713",4,4,1,33,4,1,1,0,0,NA,NA,1,2,450,0,800,3675,176426,168376,7070,8459
"040520172600714",4,6,1,58,4,1,3,0,0,390,NA,1,2,650,37,1600,3066,220810,210040,9050,11222
"040520172600715",4,4,1,65,4,1,0,60,6,16800,NA,1,2,2400,320,0,3002,144110,135340,8650,11873
"040530181300413",4,5,1,43,4,1,1,0,0,NA,NA,2,2,0,0,0,598,35917,0,50,2356
"040530181300414",4,4,1,36,4,1,NA,NA,NA,NA,NA,2,2,80,0,0,294,14132,0,2470,2341
"040530181300415",4,4,1,44,4,1,1,0,0,NA,NA,2,2,0,0,0,718,34476,0,1550,4970
"060580183700113",6,3,1,59,6,1,1,2000,0,NA,NA,2,2,10500,0,1000,4838,174195,38100,1050,6571
"060580183700114",6,3,1,51,6,1,NA,NA,NA,NA,NA,2,2,500,0,0,5556,200042,191970,1610,8278
"060580183700115",6,4,1,37,6,1,0,NA,1,20000,NA,2,2,280,0,0,3288,157850,157800,50,6607
"060600186700613",6,5,1,35,6,1,NA,NA,NA,NA,NA,2,2,0,0,0,1079,64766,0,100,3061
"060600186700614",6,3,1,45,6,1,NA,NA,NA,NA,NA,2,2,200,0,0,1389,50026,0,100,2644
"060600186700615",6,1,2,53,6,1,NA,NA,NA,NA,NA,2,2,100,0,0,2864,34374,4320,19910,2434
"060620193600313",6,2,1,47,6,1,NA,NA,NA,NA,NA,2,2,200,0,0,1515,36360,18000,50,1517
"060620193600314",6,4,1,43,6,1,NA,NA,NA,NA,NA,2,2,250,0,0,493,23680,0,50,2152
"060620193600315",6,4,1,33,6,1,NA,NA,NA,NA,NA,2,2,100,0,0,473,22705,0,50,2408
"060630196900413",6,2,2,41,6,1,NA,NA,NA,NA,NA,2,2,0,0,0,1918,46050,35000,2050,1437
"060630196900415",6,2,2,40,6,1,0,NA,5,1600,600,2,1,600,0,0,1733,41610,39320,250,2954
"060640202001013",6,2,1,56,6,1,NA,NA,NA,NA,NA,NA,NA,250,0,0,5870,140880,0,200,5684
"060640202001014",6,5,1,64,6,1,0,NA,2,0,NA,2,2,0,0,0,1264,75865,64500,2050,2909
"060640202001015",6,4,2,53,6,1,NA,NA,NA,NA,NA,2,2,2000,0,0,4771,229020,130000,7000,16262
"060640206200213",6,4,1,54,6,1,NA,NA,NA,NA,NA,2,2,500,0,0,791,37985,0,2850,3324
"060640206200214",6,4,1,45,6,1,NA,NA,NA,NA,NA,2,2,200,0,0,908,43610,0,50,2200
"060640206200215",6,3,2,52,6,1,NA,NA,NA,NA,NA,2,2,0,0,0,611,22023,0,900,1710
"060650213100513",6,4,1,52,6,1,1,3000,0,NA,NA,2,2,130,0,0,286,13765,0,200,2115
"060650213100514",6,3,2,58,6,1,1,0,0,NA,NA,1,2,400,40,0,378,13631,0,4850,654
"060650213100515",6,6,1,52,6,1,0,0,1,100,NA,2,1,200,0,0,658,47427,0,520,2545
"060660219100313",6,2,1,49,6,1,1,70000,0,NA,NA,2,2,350,650,6000,3363,80720,3000,50050,1769
"060660219100314",6,4,1,50,6,1,1,30,0,NA,NA,2,2,0,0,0,525,25210,3500,730,4210
"060660219100315",6,3,1,28,6,1,1,80,0,NA,NA,1,2,140,0,0,626,22561,3100,290,1801
"080700220602113",8,3,1,53,8,1,1,500,0,NA,338,2,2,1562,50,0,5417,195037,22500,15000,4001
"080700220602114",8,3,1,57,99,1,2,450,0,NA,621,1,2,3000,200,1500,4223,152050,0,0,11323
"080700220602115",8,2,2,91,8,1,1,0,0,NA,NA,2,2,2000,0,1000,3052,73260,36000,22160,5436
"080720225400214",8,6,1,26,8,1,NA,NA,NA,NA,NA,2,2,45,0,0,481,34640,5040,0,4301
"080720225400215",8,4,1,31,8,1,3,60,0,NA,NA,1,2,0,0,0,929,44600,13800,19000,4990
"080730230800513",8,4,2,63,8,1,2,400,0,NA,NA,2,2,200,0,0,1004,48233,30060,0,4197
"080730230800515",8,5,1,44,8,1,3,500,0,NA,0,2,2,1000,0,0,397,23867,8400,0,4107
"080730235600313",8,7,1,51,8,1,1,52,0,1150,0,2,1,560,0,0,1188,99868,24640,0,6363
"080730235600314",8,3,1,50,33,1,1,1000,0,NA,0,2,2,300,60,0,1760,63374,0,0,5038
"080740239800413",8,2,1,46,8,1,0,500,1,510,619,1,1,200,0,2000,1309,31417,3000,2000,1943
"080740239800414",8,4,1,30,2,1,0,100,1,500,630,2,2,100,0,0,749,35970,22500,0,1670
"080740239800415",8,4,1,31,8,1,0,1200,1,1200,NA,2,1,1000,0,600,1059,50875,46600,500,2890
"080750244300613",8,5,1,34,8,1,2,0,0,NA,NA,1,1,650,0,0,1005,60322,13750,0,3282
"080750244300614",8,4,1,38,8,1,NA,NA,NA,NA,NA,2,2,300,0,0,690,33123,15000,0,1452
"080750244300615",8,5,1,33,8,1,1,0,0,NA,NA,1,2,500,0,0,609,36565,9000,60,3034
"080750249100714",8,4,1,42,8,1,2,0,0,NA,NA,2,2,400,50,0,892,42850,26600,0,2671
"080750249100715",8,3,2,30,8,1,10,0,0,3000,NA,1,1,2000,0,0,846,30490,21800,100,3001
"080760253601813",8,4,1,41,8,1,1,120,0,NA,290,1,2,500,0,0,1337,64190,27000,3500,3411
"080760253601815",8,2,2,47,8,1,2,2200,0,NA,NA,1,2,80,0,0,1415,33970,29100,0,679
"080760258400113",8,4,1,34,8,1,1,600,0,NA,290,2,2,410,0,0,1036,49739,41850,0,4418
"080760258400114",8,3,1,48,8,1,1,200,0,NA,NA,2,2,2000,0,1000,1369,49305,33800,2000,4130
"080760262900613",8,3,1,62,8,1,5,300,0,500,290,1,2,2000,0,1000,2934,105630,45600,5000,1977
"080760262900614",8,5,1,43,8,1,0,NA,1,1200,290,2,2,360,0,2000,719,43183,11000,2660,3515
"100800264102013",10,3,1,43,35,1,NA,NA,NA,NA,290,2,2,200,0,0,3780,136100,0,1000,6111
"100800264102014",10,3,1,31,15,1,2,1200,0,NA,NA,1,2,200,100,0,5141,185100,184100,1000,5627
"100800264102015",10,4,1,47,10,1,1,500,0,NA,290,2,2,300,0,0,4375,210000,209000,1000,10230
"100800266800313",10,3,1,62,35,1,NA,NA,NA,NA,NA,2,2,1500,20,0,3764,135530,115080,7000,5494
"100800266800314",10,3,2,46,15,1,1,100,0,NA,290,2,2,8000,1200,0,5316,191400,173400,18000,6853
"100800266800315",10,5,2,58,10,1,2,200,0,NA,NA,2,2,400,0,0,2632,157930,108750,2000,8615
"100820274600113",10,4,1,49,10,1,1,0,0,NA,NA,2,2,180,0,0,604,29025,0,710,1985
"100840283000313",10,5,1,27,10,1,NA,NA,NA,NA,NA,2,2,0,0,0,709,42594,0,500,2061
"100840283000314",10,4,1,27,10,1,NA,NA,NA,NA,NA,2,2,0,0,0,260,12524,0,1000,2330
"100840283000315",10,4,1,47,10,1,0,NA,1,900,NA,2,2,0,0,0,541,25995,0,500,2950
"100860290801214",10,1,1,28,10,1,NA,NA,NA,NA,NA,NA,NA,100,20,0,3718,44620,40000,0,5223.5
"100860290801215",10,10,1,43,10,1,1,100,0,NA,NA,2,2,2500,50,0,1589,190791,152150,1200,5823
"100860293801013",10,4,2,31,10,1,1,0,0,520,0,2,1,320,240,500,1121,53850,0,21000,2186
"100860293801014",10,4,1,27,10,1,1,0,0,200,NA,2,2,50,10,0,668,32080,20400,1000,2861
"100860293801015",10,5,1,27,10,1,1,0,0,NA,NA,2,2,300,0,0,331,19880,13000,700,2232
"100870298902613",10,4,1,43,10,1,0,NA,7,7000,NA,2,2,240,0,0,1828,87790,0,64140,4212
"100870298902614",10,4,1,44,35,1,5,4800,0,NA,621,1,2,280,0,0,1287,61778,11040,50,3882
"100890305501414",10,3,1,59,34,1,0,NA,1,350,NA,2,1,750,120,1200,5125,184500,182300,1000,5976.5
"100890305501415",10,4,1,39,10,1,NA,NA,NA,NA,430,2,2,200,80,0,2702,129700,129100,600,5560.5
"100890311200213",10,5,1,32,10,1,5,0,0,NA,NA,2,2,0,0,0,602,36170,10400,50,5281
"100890311200215",10,4,1,32,10,1,1,150,0,NA,NA,2,2,0,0,0,565,27140,9000,50,3877.5
"110940313900113",11,7,1,62,11,1,NA,NA,NA,NA,295,2,2,0,0,0,1176,98824,32000,500,4985.5
"110940313900114",11,3,1,43,11,1,0,NA,2,7000,NA,NA,NA,150,100,300,1200,43217,18000,0,2071
"110940313900115",11,3,1,59,11,1,NA,NA,NA,NA,NA,NA,NA,200,0,0,1098,39555,0,12000,1844
"110960316301513",11,4,1,30,11,1,2,0,0,NA,NA,2,2,300,0,0,578,27780,0,0,5360
"110960316301514",11,6,1,55,11,1,2,0,0,NA,NA,2,2,300,0,0,568,40930,0,0,5310
"110960316301515",11,8,1,35,11,1,3,800,0,NA,NA,2,2,700,0,0,391,37600,0,0,5690
"110970319000413",11,5,1,38,11,1,NA,NA,NA,NA,NA,2,2,90,50,0,379,22787,7600,520,8157
"110970319000414",11,4,1,35,11,1,NA,NA,NA,NA,NA,2,2,110,0,0,607,29170,6400,360,10617
"110970319000415",11,4,1,25,11,1,1,0,0,NA,NA,2,2,50,0,0,509,24460,6500,480,1718
"110980323500613",11,3,2,24,11,1,0,NA,1,100,NA,2,2,160,0,0,510,18365,0,1810,3023
"110980323500614",11,10,1,54,11,1,0,NA,1,50,NA,2,2,520,0,0,1182,141946,86400,250,2850
"110980323500615",11,7,1,47,11,1,0,NA,1,80,NA,2,1,200,0,0,402,33850,0,3890,1976
"111000331700215",11,6,1,43,11,1,1,50,0,NA,NA,2,2,120,0,0,364,26213,5000,650,1890
"111010321400513",11,2,1,37,11,1,NA,NA,NA,NA,NA,2,2,190,0,0,772,18537,0,650,1218
"111010321400514",11,3,2,23,11,1,1,430,0,NA,NA,2,2,150,0,210,586,21101,0,450,1928
"111010321400515",11,4,1,30,11,1,1,50,0,NA,NA,1,2,0,0,0,692,33220,0,530,1913
"111020331000913",11,5,1,47,11,1,NA,NA,NA,NA,NA,2,2,300,0,0,2972,178345,101940,0,4495
"111020331000914",11,2,1,54,11,1,1,0,0,300,NA,2,2,300,0,0,1043,25035,0,2500,1877
"111020331000915",11,5,1,29,11,1,1,30,0,NA,263,1,2,250,0,0,2378,142710,27700,0,4723
"121050340900513",12,7,1,48,35,1,5,0,0,2000,NA,1,1,4000,0,800,2317,194690,134600,15000,11247
"121050340900514",12,3,2,48,25,1,2,0,0,NA,620,2,2,8400,0,0,2942,105930,64700,3000,1975
"121060342400713",12,5,1,19,12,1,10,65,0,300,NA,1,2,580,0,100,725,43538,3600,100,3300
"121060342400714",12,5,1,36,12,1,6,90,0,NA,NA,1,2,0,0,0,690,41451,0,100,2849
"121060342400715",12,8,1,48,12,1,NA,NA,NA,NA,NA,2,2,150,0,0,334,32153,2200,100,6259
"121070344801413",12,6,1,29,12,1,0,NA,1,50,NA,2,2,0,0,0,332,23926,0,810,4422
"121070344801415",12,1,2,89,12,1,7,0,0,NA,NA,1,2,0,0,0,318,3825,0,3825,585
"121080348701114",12,6,1,67,12,1,2,0,0,NA,NA,1,2,0,0,0,751,54092,19000,0,4266
"121080352900613",12,6,1,33,12,1,5,0,0,NA,NA,2,2,120,0,0,729,52520,20630,180,4633
"121080352900614",12,4,1,44,12,1,4,0,0,NA,NA,2,2,60,0,0,1116,53601,17000,2800,3535
"121090354900813",12,3,2,56,12,1,0,NA,3,50,NA,2,2,0,0,0,529,19055,4500,2700,1875
"121090354900814",12,6,1,59,12,1,2,150,1,3500,NA,2,2,80,0,3000,1017,73237,49500,450,5041
"121090354900815",12,2,2,31,12,1,2,40,0,NA,NA,2,2,40,0,0,1149,27599,15200,0,2116
"121110361301413",12,10,1,44,12,1,4,0,0,NA,NA,2,2,200,0,0,385,46246,2840,350,3927
"121110361301414",12,8,1,66,12,1,0,0,1,200,NA,2,2,300,0,0,477,45841,0,300,2930
"121110361301415",12,4,1,24,12,1,4,0,1,3000,NA,1,1,300,0,500,410,19693,8000,250,2993
"141180370600813",14,8,1,60,14,1,0,NA,1,3000,NA,2,2,1500,0,0,901,86510,0,0,4797
"141180370600814",14,7,1,48,14,1,0,NA,1,2360,NA,2,2,350,0,0,953,80125,7400,0,5633
"141180370600815",14,4,1,42,14,1,0,NA,1,850,NA,2,2,1250,0,0,963,46230,0,0,2755
"141200382300213",14,4,1,62,14,1,3,0,0,NA,NA,2,2,500,0,0,402,19320,2040,3080,525
"141200382300214",14,5,1,74,14,1,0,NA,1,8000,NA,2,2,100,0,5000,536,32200,0,0,1880
"141200382300215",14,7,1,45,14,1,4,50,0,100,NA,1,2,600,0,0,668,56180,8760,0,1750
"141250413801413",14,4,1,47,1,1,2,650,0,NA,290,2,2,18000,0,0,2103,100955,4320,50,3144
"141250413801414",14,4,1,42,33,1,1,300,0,NA,290,2,2,300,0,0,4548,218330,0,50,3606
"141250413801415",14,5,1,41,1,1,1,7000,0,NA,290,2,2,1000,0,0,17159,1029550,0,1700,11264
"141270424601213",14,6,1,37,14,1,0,NA,4,6000,NA,2,2,270,0,0,607,43731,0,0,2625
"141270424601214",14,3,1,43,14,1,6,350,0,NA,NA,1,2,170,0,0,702,25294,0,0,4293
"151320425500813",15,1,2,75,38,1,5,75,0,NA,NA,1,2,100,0,0,870,10448,0,9400,686
"151320425500814",15,4,1,57,11,1,1,3000,0,NA,289,1,2,800,0,0,3615,173530,148680,1500,8817
"151330429700213",15,6,1,58,15,1,3,10,0,2000,NA,1,2,700,0,0,1270,91480,29564,2000,6071
"151330429700215",15,3,1,28,15,1,2,170,0,NA,NA,2,2,350,0,0,1084,39032,32000,500,1438
"151350434800813",15,4,1,40,15,1,1,0,0,NA,NA,1,2,200,0,0,1913,91867,0,10700,6496
"151350434800814",15,7,1,53,15,1,1,0,0,2000,NA,1,2,1000,0,0,2382,200108,0,4610,2852
"151350434800815",15,3,1,48,15,1,4,600,0,NA,NA,2,2,80,0,0,1322,47612,0,250,4315
"151360440500113",15,3,1,69,15,1,0,210,2,2000,290,2,2,3000,0,30000,2613,94078,0,15270,4171
"151360440500114",15,4,1,37,15,1,1,110,0,NA,290,1,2,1600,0,0,1415,67932,0,700,4166
"151360440500115",15,4,1,44,15,1,12,0,0,NA,289,2,2,200,0,0,2404,115429,79760,750,3781
"151370447400213",15,7,1,19,15,1,3,0,0,NA,NA,2,2,0,0,0,328,27620,0,3020,4079
"151370447400214",15,6,1,58,15,1,2,0,0,NA,NA,1,2,200,0,0,1049,75549,23184,2000,4962
"151370447400215",15,5,1,41,15,1,0,NA,1,3000,NA,2,2,0,0,0,347,20820,0,2000,3737
"151380452500713",15,5,1,40,15,1,1,350,0,3400,NA,1,2,1200,0,0,1110,66620,47250,1600,4197
"151380452500714",15,4,1,52,15,1,3,360,0,NA,NA,2,2,960,0,0,1182,56737,10000,19060,2257
"151380452500715",15,4,1,30,15,1,5,0,0,35,NA,2,1,1000,0,0,529,25396,6000,4000,3591
"151400462101213",15,9,1,60,15,1,0,0,1,400,NA,1,2,2000,0,500,1435,154985,90000,500,4011
"151400462101215",15,4,1,33,15,1,1,0,0,NA,NA,2,2,540,0,0,770,36964,20000,1200,3083
"151400468400213",15,2,2,50,15,1,3,45,0,NA,NA,2,2,500,0,0,2873,68965,58000,860,2221.5
"151400468400214",15,6,1,52,15,1,1,10,0,NA,NA,2,2,1000,0,0,871,62755,26000,350,2851
"151400468400215",15,6,1,46,15,1,1,300,0,NA,NA,1,2,500,0,0,1094,78819,33000,1500,3168.5
"151410472000613",15,3,2,46,15,1,1,0,0,NA,NA,2,2,1200,0,0,566,20387,6360,5460,2580
"151410472000614",15,4,1,45,15,1,NA,NA,NA,NA,289,2,2,600,0,0,2769,132951,0,100,4002
"151410472000615",15,4,1,38,15,1,2,0,0,NA,NA,2,2,1600,0,0,1332,63958,17800,300,2987
"151410478600313",15,4,1,49,36,1,1,1300,0,NA,289,2,2,800,0,0,1393,66899,40050,400,3129
"151410478600314",15,6,1,77,1,1,1,0,0,3200,290,1,2,1000,780,10000,1841,132559,48400,16000,8862
"151410478600315",15,4,1,37,15,1,1,600,0,NA,NA,NA,NA,100,0,0,1005,48270,24000,8200,2707.5
"171480479801413",17,2,2,57,1,1,2,380,0,NA,NA,2,2,1570,0,0,8971,215320,126000,3500,1848
"171500485500913",17,4,1,43,17,1,NA,NA,NA,NA,NA,2,2,300,0,0,1419,68154,44500,1600,1629
"171500485500914",17,6,1,45,17,1,NA,NA,NA,NA,NA,2,2,400,0,0,1059,76249,32500,1500,2741
"171520492400813",17,2,2,41,17,1,NA,NA,NA,NA,NA,2,2,120,0,0,1881,45154,45154,0,2268
"171520492400814",17,4,1,51,17,1,NA,NA,NA,NA,290,2,2,300,0,0,2083,99995,91300,3660,2987
"171520492400815",17,3,1,52,1,1,12,1080,0,NA,621,2,2,300,0,0,2934,105625,0,43260,6711
"171520502300713",17,2,1,37,17,1,0,NA,1,2000,NA,2,1,110,50,0,3216,77205,20600,250,2856
"171520502300714",17,5,1,52,17,1,4,0,1,1500,NA,2,2,200,0,500,3378,202700,89200,500,3717
"171520502300715",17,5,1,32,17,1,0,NA,1,1000,NA,2,2,300,320,600,1656,99371,58800,18300,4683
"171530507700813",17,2,2,39,17,1,0,NA,1,1100,NA,2,1,350,0,150,4993,119837,115120,450,4037
"171530507700814",17,8,1,51,17,1,0,0,1,1200,NA,2,2,400,0,1500,1123,107825,87000,600,3961
"171530507700815",17,8,1,51,17,1,NA,NA,NA,NA,NA,2,2,1000,0,0,624,59955,37800,500,7170
"171550514000513",17,5,1,40,17,1,NA,NA,NA,NA,NA,2,2,180,0,0,2188,131316,48740,3800,7700
"171550514000514",17,4,1,39,17,1,1,100,0,NA,NA,2,2,3600,0,4500,1350,64829,40100,5660,4586
"171550514000515",17,3,1,41,17,1,NA,NA,NA,NA,NA,2,2,360,0,0,1955,70381,50960,1225,2065
"171560522400313",17,4,1,43,17,1,4,2300,0,NA,NA,1,2,500,0,0,638,30640,0,900,2439
"171560522400314",17,5,1,59,17,1,0,NA,1,1300,NA,2,2,500,0,800,1909,114590,56900,300,4491
"171560522400315",17,3,1,35,17,1,0,NA,1,11000,NA,2,2,9000,0,3000,898,32352,0,3000,2435
"171570529600913",17,8,1,44,17,1,1,100,0,NA,NA,2,2,1200,0,0,911,87549,58600,1000,3484
"171570529600914",17,6,1,37,17,1,2,0,0,NA,NA,2,2,700,0,0,915,65915,38400,1300,2213
"171580535300213",17,3,1,51,17,1,NA,NA,NA,NA,60,2,2,200,0,0,2496,89865,0,2000,3533
"171580535300214",17,4,1,47,17,1,2,2000,0,NA,50,1,2,2500,0,0,5529,265400,0,3500,7715
"171580535300215",17,2,2,41,17,1,NA,NA,NA,NA,NA,NA,NA,200,0,0,1594,38275,0,1000,3090
"171590542201113",17,2,1,70,17,1,0,NA,1,1000,NA,2,1,200,100,700,518,12455,0,8000,1141
"171590542201114",17,4,1,42,17,1,1,100,0,NA,NA,NA,NA,320,0,0,837,40190,16200,1000,4219
"171590542201115",17,5,1,46,17,1,0,NA,1,21000,30,2,2,500,120,10000,1095,65742,0,2000,2372
"191640544000513",19,4,1,55,19,1,NA,NA,NA,NA,290,2,2,280,0,0,2057,98736,62766,5200,5599
"191640544000514",19,1,1,55,34,1,1,250,0,NA,621,2,2,360,0,0,25002,300030,0,25000,3823
"191640544000515",19,2,2,57,19,1,NA,NA,NA,NA,621,2,2,320,0,0,2105,50540,26980,1200,2234
"191640547002913",19,4,1,39,19,1,1,420,2,0,180,2,2,230,130,0,2484,119250,119200,50,7039
"191640547002914",19,4,2,51,19,1,1,430,0,NA,250,1,2,240,140,0,2913,139850,139800,50,6725
"191640547002915",19,2,1,58,35,1,0,120,1,15000,NA,2,1,2500,800,3000,5596,134310,119570,11740,9046
"191640569500913",19,2,2,61,36,1,0,NA,1,2500,621,2,1,250,0,3500,4191,100596,37340,10800,2594
"191640569500914",19,1,2,56,19,1,NA,NA,NA,NA,NA,2,2,250,0,250,1334,16010,0,12020,727
"191640569500915",19,4,2,30,40,1,0,NA,1,350,290,2,2,450,0,0,2274,109195,104695,4500,3812
"191670554800713",19,5,1,43,19,1,2,20,0,NA,NA,2,2,350,50,100,2935,176140,107500,4200,8649
"191670554800714",19,4,1,42,19,1,NA,NA,NA,NA,NA,2,2,0,0,0,1072,51459,18000,50,3331
"191670554800715",19,2,1,51,19,1,2,150,0,NA,NA,1,2,1500,0,0,1564,37557,0,6000,2508
"191670560202213",19,3,1,50,19,1,2,20,0,NA,NA,1,2,500,0,200,1286,46298,7800,11460,3107
"191670560202214",19,3,1,46,19,1,1,50,0,NA,NA,2,2,200,0,0,1092,39345,18000,3500,2572
"191670560202215",19,4,1,48,19,1,1,200,0,NA,NA,2,2,0,0,0,1075,51645,0,50,3154
"191680565001313",19,7,1,49,4,1,1,10000,0,5000,620,2,2,5000,0,0,15653,1314910,2160,1550,5234
"191680565001314",19,2,2,36,19,1,NA,NA,NA,NA,300,2,2,1000,0,0,2275,54600,0,650,2767
"191680565001315",19,4,1,32,19,1,NA,NA,NA,NA,621,2,2,4000,0,0,3020,145000,0,1000,6345
"191690568300413",19,3,2,43,19,1,2,700,0,NA,290,2,2,400,0,0,2418,87070,0,700,5149
"191690568300414",19,4,1,34,19,1,0,2100,1,2000,290,2,1,1300,0,5000,3256,156292,49700,1000,5284
"191690568300415",19,6,1,66,37,1,1,700,0,NA,290,1,2,400,0,0,2768,199296,189800,1050,9380
"191700574901313",19,1,1,66,19,1,3,0,0,NA,NA,2,2,250,0,0,5955,71470,63600,3550,3327
"191700574901314",19,6,1,67,19,1,3,700,0,NA,NA,1,2,150,0,0,638,45960,4800,1800,4000
"191700574901315",19,6,1,42,19,1,0,NA,1,1000,NA,2,2,200,0,200,458,33015,9000,560,1175
"191710579101313",19,2,1,36,19,1,NA,NA,NA,NA,NA,2,2,200,0,0,3282,78780,65000,0,2289
"191710579101314",19,4,1,36,19,1,0,NA,2,4500,NA,2,2,400,0,0,575,27600,0,850,2943
"191710579101315",19,4,1,50,19,1,1,300,0,NA,NA,2,2,2000,0,0,1033,49605,16000,1500,4600
"191710584200413",19,5,1,50,19,1,NA,NA,NA,NA,NA,NA,NA,500,50,0,2157,129421,72000,0,3040
"191710584200414",19,4,1,34,19,1,NA,NA,NA,NA,250,2,2,280,0,0,1330,63880,0,580,2316
"191710584200415",19,4,1,29,19,1,NA,NA,NA,NA,220,2,2,380,0,0,1300,62425,36000,500,3806
"191720588402313",19,5,2,59,19,1,NA,NA,NA,NA,290,2,2,450,50,0,1745,104710,88200,750,2914
"191720588402314",19,6,1,81,19,1,1,850,0,NA,621,2,2,450,100,0,2381,171450,65264,1350,2928
"191720588402315",19,4,1,27,19,1,0,NA,2,200,NA,2,1,750,0,0,1263,60649,48000,800,3787
"191730592000513",19,6,1,50,19,1,4,200,0,NA,NA,2,2,250,50,0,5702,410560,0,50,13304
"201780597101313",20,4,1,73,20,1,2,0,0,NA,NA,2,2,600,0,0,2720,130600,130600,0,4594
"201780597101314",20,4,1,42,20,1,0,NA,1,1000,530,2,1,120,0,0,1555,74660,0,0,3829
"201800604900313",20,6,1,55,20,1,0,NA,1,6000,NA,2,1,300,0,0,4870,350648,329200,10000,2908
"201800604900314",20,4,1,39,20,1,NA,NA,NA,NA,NA,2,2,60,0,0,440,21145,10000,0,2798
"201800604900315",20,4,1,46,20,1,NA,NA,NA,NA,NA,2,2,100,0,0,2072,99479,91300,0,3236
"201810609100213",20,4,1,38,20,1,2,70,0,NA,NA,1,2,600,85,0,883,42410,0,0,2188
"201810609100214",20,4,1,27,20,1,NA,NA,NA,NA,NA,2,2,120,0,0,807,38773,0,0,3611
"201810609100215",20,4,1,37,20,1,1,15,0,1000,NA,2,1,200,0,0,991,47594,10500,1092,1252
"201830618700313",20,3,1,52,20,1,1,0,1,0,0,2,2,300,0,0,1139,41008,36500,3300,2929
"201830618700314",20,3,1,55,20,1,NA,NA,NA,NA,NA,2,2,140,0,0,4180,150500,150500,0,5669
"201830618700315",20,2,2,44,20,1,NA,NA,NA,NA,290,2,2,500,0,0,1903,45684,0,0,5447
"201840627400313",20,3,1,53,20,1,0,NA,1,300,NA,2,1,500,0,0,1929,69445,36000,14400,4960
"201840627400314",20,4,1,73,20,1,0,NA,1,1500,NA,2,2,200,0,0,1958,94028,75600,1000,4355
"201850634600514",20,7,1,50,20,1,3,0,0,NA,620,2,2,300,30,0,1771,148796,105564,2660,4192
"201850634600515",20,1,1,47,20,1,0,NA,1,29000,NA,NA,NA,200,50,0,2958,35500,0,9600,2352
"201860643000913",20,4,1,35,20,1,NA,NA,NA,NA,NA,2,2,500,40,0,194,9328,0,0,3713
"201870649000313",20,3,1,53,20,1,0,NA,1,1000,NA,2,2,100,0,300,1674,60274,0,3850,2263
"201870649000314",20,5,2,57,20,1,0,0,1,2700,NA,2,1,400,100,600,1500,90019,12600,27700,4577.5
"201870649000315",20,1,1,16,20,1,NA,NA,NA,NA,NA,2,2,30,0,0,1191,14293,800,3560,734
"201880655000313",20,6,1,29,20,1,1,420,0,110,290,2,1,120,0,0,1560,112383,0,1000,5805
"201880655000314",20,4,1,40,20,1,NA,NA,NA,NA,NA,NA,NA,200,0,0,853,40974,20000,0,2431
"201880655000315",20,4,1,40,20,1,1,500,0,NA,280,2,2,0,0,0,883,42408,17000,8000,4231
"221930666401613",22,3,1,44,30,1,1,3000,0,NA,621,1,2,1000,400,0,5722,206000,0,4000,12018
"221930666401614",22,3,1,40,31,1,1,300,0,40000,290,2,2,2000,200,7000,9156,329650,141000,0,7977
"221930666401615",22,3,1,41,22,1,2,0,0,NA,290,1,2,600,120,0,3263,117500,117500,0,10732
"221930669101413",22,2,1,81,22,1,6,1500,0,NA,NA,1,2,9000,1000,15000,6315,151560,28560,108000,3246
"221930669101415",22,4,1,42,22,1,0,NA,1,95000,290,2,2,2000,300,105000,6752,324100,135600,83500,8706
"221940674202313",22,4,1,31,22,1,0,NA,1,51400,290,2,2,3650,0,20000,9387,450588,92000,194500,18161
"221940674202314",22,5,1,55,22,1,4,0,0,5900,NA,1,1,1780,0,3200,7207,432430,366930,32300,7281
"221950676900513",22,4,1,41,22,1,1,0,0,NA,290,2,2,610,60,0,3440,165150,95500,3200,6134
"221950676900514",22,3,1,54,33,1,NA,NA,NA,NA,290,2,2,2600,100,0,5115,184150,174100,10000,7822
"221950676900515",22,4,1,40,34,1,NA,NA,NA,NA,290,2,2,500,25,0,3701,177670,166870,10500,9722
"221950679300215",22,4,2,51,22,1,1,340,0,NA,290,2,2,540,60,0,2620,125780,66240,2100,11171
"221960682300113",22,3,2,45,8,1,NA,NA,NA,NA,289,2,2,300,0,0,3777,136000,104000,32000,6248
"221960682300114",22,2,1,58,22,1,1,400,0,NA,NA,1,2,1000,0,0,2725,65400,62400,3000,4576
"221960682300115",22,5,1,48,22,1,2,1800,0,NA,289,2,2,300,0,0,5150,309000,157000,55000,7598
"221990688301013",22,2,1,80,22,1,NA,NA,NA,NA,NA,2,2,75,0,0,1746,41923,31584,3500,1822
"221990688301014",22,3,1,44,31,1,NA,NA,NA,NA,NA,2,2,250,0,0,5059,182155,157732,0,8557
"221990688301015",22,4,1,51,31,1,NA,NA,NA,NA,NA,NA,NA,185,0,0,2403,115370,0,0,5552
"222010694301213",22,4,1,33,22,1,NA,NA,NA,NA,621,2,2,600,0,0,1679,80634,40000,0,5375
"222010694301214",22,4,1,42,31,1,NA,NA,NA,NA,290,2,2,1000,0,0,2674,128360,30000,0,6526
"222030701500513",22,2,1,61,22,1,NA,NA,NA,NA,NA,NA,NA,620,50,0,3349,80380,50000,2500,5005
"222030701500514",22,2,1,84,22,1,3,360,0,NA,NA,1,2,1000,0,650,1243,29850,0,29200,4050
"222030701500515",22,4,1,40,22,1,1,1000,0,NA,290,1,2,3600,50,0,6405,307460,0,0,62560
"222050707800713",22,4,1,38,22,1,NA,NA,NA,NA,290,2,2,100,0,0,3024,145176,132000,0,2650
"222050707800714",22,4,1,37,22,1,0,NA,1,8000,290,2,2,500,0,7000,1427,68522,60000,0,3770
"222050707800715",22,4,1,33,22,1,1,500,0,NA,290,2,2,200,0,0,1499,71973,0,20000,2885
"222060715600313",22,5,1,45,22,1,1,1500,0,NA,290,2,2,300,0,0,2016,120990,68500,1200,6326
"222060715600314",22,1,2,67,22,1,NA,NA,NA,NA,NA,NA,NA,180,0,0,1275,15300,0,15300,1679
"222060715600315",22,4,1,47,22,1,NA,NA,NA,NA,290,2,2,200,0,0,2726,130850,22000,500,3655
"242130721301313",24,4,2,51,27,1,3,300,0,NA,290,1,2,460,30,0,3192,153240,150000,2000,7216
"242130721301314",24,3,1,45,24,1,0,NA,1,200,290,2,1,150,0,500,3955,142400,75300,500,8879
"242150728200313",24,3,2,40,24,1,2,0,0,NA,NA,1,2,500,0,500,1166,41987,0,6760,2390
"242150728200314",24,5,2,56,24,1,1,1500,0,700,625,2,2,500,250,3800,2526,151606,72200,3000,4376
"242150728200315",24,4,1,42,24,1,NA,NA,NA,NA,NA,2,2,1500,0,0,2256,108329,52000,0,1962
"242160733000513",24,2,1,66,24,1,NA,NA,NA,NA,NA,2,2,170,40,0,4173,100155,97290,2500,1576
"242160733000514",24,2,1,49,24,1,0,NA,1,1000,621,2,2,550,0,1500,5465,131173,0,1500,3205
"242160733000515",24,3,1,61,24,1,1,0,0,NA,290,1,2,390,135,0,973,35047,0,16500,2010
"242170737500413",24,6,1,53,24,1,1,0,0,0,NA,2,2,350,0,0,3633,261582,172196,5060,7396
"242170737500414",24,6,1,70,24,1,1,2200,0,7100,290,2,2,8280,0,2000,3917,282070,227170,3000,5823
"242170737500415",24,2,2,54,24,1,1,300,1,1400,620,1,1,7200,0,5600,6751,162040,76000,3800,3016
"242170742001013",24,5,1,49,24,1,NA,NA,NA,NA,290,2,2,500,0,0,3106,186376,174800,500,4031
"242170742001014",24,4,2,50,24,1,NA,NA,NA,NA,NA,2,2,300,0,0,4944,237343,119750,85570,4814
"242170742001015",24,3,1,45,24,1,1,400,0,NA,290,2,2,7050,0,0,1961,70601,46800,410,3200
"242180746800113",24,1,2,73,24,1,0,NA,1,500,NA,2,2,400,0,500,852,10230,0,9000,1120
"242180746800115",24,4,1,42,24,1,NA,NA,NA,NA,290,2,2,350,0,0,16168,776090,4140,2000,4222
"242180750400113",24,5,1,45,24,1,3,1000,0,NA,290,2,2,300,20,0,2951,177060,86500,1800,4593
"242180750400114",24,2,1,46,24,1,2,2000,0,NA,290,2,2,300,0,0,4444,106663,0,20500,3057
"242180750400115",24,5,1,49,24,1,6,1500,0,4500,520,2,1,350,180,2500,2734,164063,134700,2000,5102
"242190755800413",24,4,1,37,24,1,NA,NA,NA,NA,NA,2,2,800,50,0,992,47640,32000,800,2057
"242190755800414",24,3,1,44,24,1,NA,NA,NA,NA,NA,2,2,850,50,0,2873,103435,44495,25860,1740
"242190755800415",24,5,1,46,24,1,NA,NA,NA,NA,NA,2,2,720,80,0,642,38555,6840,3660,1295
"242190759700513",24,7,1,64,24,1,1,0,0,NA,NA,2,2,500,0,0,1703,143115,0,1200,4377
"242190759700514",24,4,1,66,24,1,3,400,0,NA,NA,2,2,700,0,0,1052,50499,0,3500,2307
"242190759700515",24,4,1,34,24,1,NA,NA,NA,NA,NA,2,2,300,0,0,1314,63115,42000,860,1966
"242200765400813",24,7,1,77,24,1,3,175,0,NA,NA,1,2,450,28,0,1061,89195,22100,17680,3335
"242200765400814",24,7,1,61,24,1,12,500,2,600,NA,2,2,350,50,0,1400,117660,48900,32400,5668
"242200765400815",24,5,1,51,24,1,0,NA,1,6000,NA,2,2,450,50,0,921,55270,36000,3000,5061
"242210772000913",24,2,1,44,24,1,NA,NA,NA,NA,NA,NA,NA,250,0,0,539,12937,0,50,1341
"242210772000914",24,2,1,73,24,1,6,80,0,NA,NA,1,2,130,0,210,487,11689,0,10350,1058
"242210772000915",24,3,2,37,24,1,NA,NA,NA,NA,290,2,2,250,0,0,4542,163535,0,50,2335
"242220776500613",24,4,1,67,24,1,2,100,0,NA,621,2,2,0,150,0,1820,87360,39240,30000,4831
"242220776500614",24,7,1,49,24,1,0,0,1,3200,621,2,2,100,250,4500,2500,210010,188880,2660,8909
"242220776500615",24,9,1,46,24,1,1,0,0,2600,NA,1,2,200,150,6000,3101,334990,314240,500,11064
"242230781600213",24,3,1,52,24,1,1,500,0,NA,621,2,2,500,50,0,6000,216028,136568,5130,3051
"242230781600214",24,4,1,35,24,1,0,NA,1,3000,263,2,2,1000,0,0,948,45550,0,3000,3244
"242230781600215",24,6,1,71,24,1,1,2500,0,NA,290,2,2,150,0,500,1755,126410,0,2000,4260
"242230786400613",24,5,1,40,24,1,1,1800,0,NA,290,2,2,300,50,0,1678,100700,32700,240,2491
"242230786400614",24,4,1,40,24,1,NA,NA,NA,NA,263,2,2,1500,0,0,1763,84651,11900,500,6190
"242230786400615",24,1,2,82,24,1,1,400,0,NA,NA,1,2,50,0,400,572,6870,0,5820,779
"252270790301213",25,5,2,59,25,1,NA,NA,NA,NA,620,2,2,2160,320,0,1654,99250,75410,1200,6043.6
"252270790301214",25,4,1,41,25,1,1,780,0,4800,290,2,2,1120,310,1680,1634,78450,73910,2860,2836
"252270790301215",25,5,1,38,25,1,1,850,0,7800,298,2,2,1620,760,3800,875,52530,24200,24500,3426
"252270851501414",25,3,1,56,25,1,NA,NA,NA,NA,620,2,2,360,0,0,1921,69190,41230,250,3567.5
"252270851501415",25,2,2,78,25,1,NA,NA,NA,NA,620,2,2,640,0,0,2073,49752,46400,880,2209
"252300800800513",25,3,1,45,25,1,NA,NA,NA,NA,NA,NA,NA,500,0,0,1933,69601,64040,310,1896
"252310809800313",25,3,1,33,25,1,1,100,0,NA,NA,2,2,510,0,0,1295,46639,35700,290,2312
"252310809800315",25,5,2,52,25,1,1,200,0,NA,NA,2,2,300,0,0,2772,166325,30000,97000,1953
"252320817600713",25,2,2,50,25,1,0,NA,1,15000,NA,2,2,500,0,500,3507,84189,78000,1228,3586
"252320817600714",25,4,1,50,25,1,NA,NA,NA,NA,289,2,2,200,0,0,2369,113755,60000,39568,2625
"252320817600715",25,2,2,51,25,1,1,200,0,NA,289,1,2,200,0,0,1210,29050,23676,1664,2401
"252330824500814",25,2,1,78,25,1,2,300,0,NA,647,2,2,500,0,0,2066,49599,17424,2050,2363
"252330824500815",25,4,1,41,25,1,2,4000,0,NA,290,1,2,200,0,0,2616,125580,65700,50,1889
"252340829901113",25,4,1,33,25,1,1,180,0,NA,NA,2,2,350,0,750,1056,50701,24700,2280,3169
"252340829901115",25,4,2,54,25,1,2,200,0,120,NA,1,2,520,50,0,4136,198550,173140,23340,6525
"252350834701113",25,2,1,61,25,1,1,2000,0,NA,NA,1,2,2000,0,0,1373,32958,0,27850,1693
"252350841900313",25,4,1,30,25,1,NA,NA,NA,NA,NA,2,2,540,0,0,480,23082,0,840,2185
"252350841900314",25,3,1,55,25,1,NA,NA,NA,NA,NA,2,2,400,0,0,1723,62055,52000,1250,2213
"252350841900315",25,2,1,51,25,1,0,NA,1,800,NA,NA,NA,200,0,0,1529,36698,25000,4050,1861
"252370849400213",25,5,1,51,25,1,NA,NA,NA,NA,289,2,2,400,0,0,2557,153422,97320,36297,2403
"252370849400214",25,5,2,27,25,1,0,200,1,3000,289,1,2,5000,1200,3000,1876,112613,49320,57590,2083
"252370849400215",25,5,1,34,25,1,1,0,0,NA,NA,2,2,4000,0,0,2047,122858,116200,1066,3564
"252370853300713",25,4,1,52,25,1,1,300,0,NA,NA,2,2,600,0,0,1783,85607,51320,12395,3320
"252370853300714",25,3,2,74,25,1,1,160,0,3000,289,1,1,5000,0,0,3319,119493,12200,90622,2766
"252370853300715",25,2,1,48,25,1,NA,NA,NA,NA,NA,NA,NA,100,0,0,3856,92559,36200,36400,1445
"252380864700914",25,4,1,39,25,1,1,0,0,160,NA,1,2,550,0,200,997,47891,38500,420,3191
"252400855100313",25,6,1,32,25,1,NA,NA,NA,NA,0,2,2,200,0,0,414,29863,8400,570,3547
"252400855100314",25,3,1,57,25,1,1,500,0,1000,0,2,1,500,0,0,2101,75667,48000,560,2273
"252400855100315",25,4,1,32,25,1,2,0,0,NA,NA,2,2,250,0,0,785,37716,17400,540,1978
"262430871600213",26,4,1,25,26,2,6,1000,0,4000,NA,2,2,1200,60,10000,7665,367920,0,5000,6062
"262440874601413",26,4,1,32,26,1,1,0,0,NA,290,1,2,850,0,0,2216,106395,50900,2550,4364
"262440874601414",26,5,1,53,36,1,2,520,0,2800,NA,2,2,850,450,12000,5245,314734,177640,8500,9095
"262440874601415",26,3,1,69,26,1,2,200,0,520,621,1,1,1700,250,2000,2127,76600,53525,2500,5516
"262460879400813",26,4,1,29,26,1,1,0,0,NA,241,2,2,600,80,0,1532,73536,68000,650,7401
"262460879400814",26,5,1,45,26,1,NA,NA,NA,NA,217,2,2,400,30,0,3816,228980,0,1850,16497
"262460879400815",26,4,1,45,26,1,1,500,0,NA,NA,2,2,2000,0,500,971,46627,19200,3900,2566
"262480891101413",26,3,1,59,26,1,NA,NA,NA,NA,290,2,2,0,0,0,2702,97300,70800,2500,4216
"262480891101414",26,4,1,43,26,1,NA,NA,NA,NA,290,2,2,0,0,0,1848,88721,74000,450,3202
"262490893601013",26,5,2,50,26,1,1,0,0,1000,NA,2,2,3000,0,0,2474,148480,61500,2200,3813
"262490893601014",26,4,2,47,26,1,NA,NA,NA,NA,290,2,2,2000,68,0,1743,83710,36000,550,3546
"262490893601015",26,2,1,65,26,1,NA,NA,NA,NA,621,2,2,660,40,0,4734,113620,53600,5500,8524
"262510902500413",26,4,1,50,26,1,5,1000,0,NA,290,2,2,1500,0,0,8849,424760,0,25540,4474
"262510902500414",26,4,1,23,26,1,4,400,0,1500,NA,1,2,750,0,3800,1732,83175,0,1500,5086
"262510902500415",26,3,1,54,26,1,0,NA,2,4000,625,2,2,600,120,1000,1848,66561,0,30100,8192.5
"262510905200113",26,4,1,64,26,1,0,NA,1,200,NA,1,2,800,300,500,2348,112720,99000,3100,7099.5
"262520913900413",26,5,1,39,26,1,1,0,0,1500,290,1,2,650,0,450,788,47283,20700,4490,2743
"262530880000513",26,3,1,52,26,1,1,265,0,NA,280,2,2,150,0,0,4905,176587,83600,50,26811
"262530880000514",26,4,1,54,26,1,NA,NA,NA,NA,620,2,2,150,0,0,2987,143420,89900,4490,2439
"262530880000515",26,4,1,31,26,1,2,180,0,NA,NA,2,2,250,50,0,921,44220,24000,750,2587
"272560918400113",27,6,1,59,27,1,4,40,0,1000,621,1,2,800,300,12000,4991,359410,213900,2000,12465
"272560918400114",27,4,2,65,30,1,1,0,0,NA,NA,1,2,4500,40,0,5645,270980,201460,7000,9401
"272560918400115",27,3,1,53,27,1,2,400,0,NA,290,2,2,1000,200,0,10328,371830,0,1200,4303
"272580919901913",27,3,2,38,27,1,NA,NA,NA,NA,NA,2,2,300,0,0,1406,50628,42000,5160,2725
"272580919901914",27,6,1,42,27,1,1,65,0,NA,290,2,2,600,0,0,2555,184022,64790,550,8389
"272580919901915",27,5,1,41,27,1,NA,NA,NA,NA,290,2,2,700,0,0,2317,139033,0,2000,8981
"272580922901213",27,7,1,52,27,1,3,0,0,1000,NA,1,2,1700,0,3700,2838,238435,50880,2100,8945
"272580922901214",27,5,1,41,27,1,0,NA,1,5000,290,2,2,1200,0,3000,6941,416460,0,2500,6263
"272580922901215",27,1,2,71,27,1,NA,NA,NA,NA,NA,NA,NA,40,0,0,1369,16437,0,15250,1085
"272590927701213",27,5,1,34,27,1,2,300,0,NA,290,2,2,450,10,0,936,56213,0,1200,4155
"272600932201813",27,4,1,56,27,1,NA,NA,NA,NA,NA,NA,NA,400,0,0,5185,248920,0,3740,2463
"272600932201814",27,6,1,53,27,1,1,600,0,NA,290,2,2,700,0,0,2281,164264,87500,2600,6739
"272600932201815",27,3,2,44,27,1,1,300,0,NA,290,2,2,500,0,0,4421,159180,49500,600,8695
"272600936400713",27,4,1,30,27,1,0,NA,1,10000,290,2,1,2000,100,3000,3038,145849,59176,1455,3482
"272600936400714",27,4,1,45,27,1,1,1100,0,NA,290,2,2,800,60,0,3074,147591,90400,1400,5261
"272600936400715",27,3,1,66,27,1,3,280,0,3100,NA,2,1,1400,0,5500,4436,159715,66000,81500,2886
"272610938501913",27,1,2,59,27,1,3,6000,0,NA,NA,NA,NA,300,0,0,6052,72625,0,72625,2926
"272610938501914",27,5,2,49,27,1,12,36,0,NA,NA,2,2,700,10,0,3297,197863,186800,4160,4236
"272610938501915",27,5,1,48,27,1,5,200,0,NA,290,2,2,500,1300,0,3123,187439,81200,4000,7328
"272620940901013",27,5,1,32,27,1,1,800,0,NA,290,1,2,1000,0,0,1744,104650,104100,500,3971
"272620940901014",27,3,1,26,27,1,1,10,0,NA,621,2,2,1000,0,0,4439,159820,0,1000,8965
"272620940901015",27,3,1,61,27,1,1,40,0,12000,621,1,2,1000,0,2000,5065,182340,156000,2000,4210
"272620943900413",27,5,1,46,27,1,7,700,0,1000,621,2,1,600,50,5000,4421,265291,0,1500,3915
"272620943900414",27,7,1,44,27,1,1,150,0,NA,290,1,2,800,0,0,1966,165145,55000,5160,8229
"272630946600913",27,3,1,62,27,1,1,700,0,NA,290,2,2,1000,0,2000,4679,168478,540,121800,3882
"272630946600914",27,1,1,59,27,1,12,740,0,NA,NA,1,2,0,0,0,11425,137104,0,136120,1599
"272630946600915",27,2,1,53,27,1,NA,NA,NA,NA,NA,2,2,0,0,0,2919,70067,27580,41000,1676
"272640949901113",27,2,1,78,27,1,3,1000,0,NA,621,2,2,800,100,1500,4316,103600,19800,57710,2709
"272640949901114",27,4,1,47,27,1,1,2100,0,NA,621,2,2,1600,0,0,1069,51350,0,16100,4443
"272640949901115",27,5,1,41,27,1,6,2000,0,10000,NA,2,2,1000,0,0,642,38520,28200,3000,2851
"302881052201213",30,3,2,64,30,1,4,100,0,NA,NA,2,2,80,10,0,2268,81660,76350,5310,7294
"302881052201214",30,1,2,55,30,1,2,100,0,NA,NA,NA,NA,400,20,500,2541,30500,0,30000,941
"302881052201215",30,3,2,51,30,1,3,15,0,3500,290,2,2,1760,0,3600,4532,163182,128660,6920,5433
"302901054600513",30,3,1,44,30,1,NA,NA,NA,NA,NA,2,2,240,130,0,2385,85892,41400,1800,4683
"302901054600514",30,2,1,74,30,1,NA,NA,NA,NA,NA,2,2,320,60,0,3068,73633,69120,3200,2460
"302901058500613",30,2,1,64,30,1,1,200,0,NA,NA,1,2,1200,500,0,2412,57908,43440,5600,3720
"302901058500614",30,6,1,63,30,1,NA,NA,NA,NA,621,2,2,420,210,0,3349,241197,232800,2300,4298
"302901058500615",30,2,2,71,30,1,1,380,0,NA,NA,1,2,120,0,0,1312,31498,14600,4587,1954
"302911063900913",30,5,1,47,30,1,NA,NA,NA,NA,289,2,2,704,165,0,1744,104657,97560,800,3498
"302911063900914",30,3,1,48,30,1,NA,NA,NA,NA,289,2,2,200,20,0,2481,89333,0,2850,2547
"302911063900915",30,4,1,48,30,1,NA,NA,NA,NA,310,2,2,200,0,0,3125,150022,0,2200,2074
"302921069900613",30,2,1,65,30,1,NA,NA,NA,NA,NA,2,2,100,0,0,2050,49200,39600,4500,2679
"302921069900614",30,5,2,58,30,1,0,NA,1,1000,NA,2,2,1000,30,0,2114,126852,80750,7820,6112
"302921069900615",30,4,1,42,30,1,NA,NA,NA,NA,290,2,2,100,0,0,1532,73574,42000,2000,3845
"302921074400314",30,3,1,48,30,1,NA,NA,NA,NA,NA,NA,NA,200,0,0,2394,86200,22500,1000,5771
"302921074400315",30,3,1,48,30,1,2,10000,0,NA,NA,NA,NA,500,0,0,3455,124390,109390,15000,5117
"302931081000413",30,2,1,73,30,1,5,0,0,NA,NA,1,2,40,60,700,870,20900,18000,2200,605
"302931081000414",30,1,1,37,30,1,1,46,0,NA,NA,NA,NA,160,0,0,2333,28000,28000,0,1994
"302931081000415",30,3,1,30,30,1,8,480,0,1000,200,1,1,200,30,600,3735,134480,130000,2000,4096
"302941084600213",30,5,1,49,30,1,0,400,1,1500,NA,1,1,215,0,5600,3756,225414,184440,1080,2964
"302941084600214",30,4,1,42,30,1,1,60,0,75600,290,2,2,250,130,10500,2442,117260,40900,1645,3340
"302941084600215",30,2,2,66,30,1,3,133,0,NA,NA,1,2,245,0,0,687,16496,0,10896,1068
"302951090900313",30,4,1,58,30,1,NA,NA,NA,NA,NA,2,2,250,0,0,1359,65277,0,1300,3636
"302951090900314",30,4,1,41,30,1,NA,NA,NA,NA,290,2,2,450,0,0,1280,61455,0,300,5345
"302951090900315",30,5,1,43,30,1,2,7000,0,NA,290,2,2,800,0,0,2474,148480,91400,1000,6445
"302961096900713",30,5,2,56,30,1,6,2500,0,7500,290,2,2,4500,0,800,1406,84398,48900,700,6423
"302961096900715",30,4,2,58,30,1,1,1500,0,2300,621,1,1,900,0,700,1196,57417,0,1500,2929
"302971101701113",30,3,1,44,30,1,NA,NA,NA,NA,NA,2,2,300,0,0,1961,70626,41600,2250,2431
"302971101701114",30,3,1,49,30,1,2,200,0,NA,249,2,2,400,200,0,4896,176280,0,1500,2383
"302971101701115",30,1,2,83,30,1,0,NA,4,500,NA,2,1,1500,0,2000,1137,13650,0,10900,540
"302981108602213",30,3,1,44,30,1,1,0,0,NA,289,1,2,450,100,0,6231,224318,0,86900,4585
"302981108602214",30,5,1,69,30,1,0,NA,2,7200,289,2,2,1050,45,1200,2033,122007,102500,2590,3528
"302981108602215",30,5,1,52,30,1,1,1800,0,NA,289,2,2,2900,50,0,1111,66672,0,41330,7681
"302981113401113",30,1,1,54,30,1,1,37,0,NA,NA,1,2,200,50,0,6931,83176,10336,64375,1918
"302981113401114",30,1,2,77,30,1,3,360,0,NA,NA,1,2,470,40,850,725,8705,0,6125,711
"302981113401115",30,4,2,48,30,1,1,0,0,NA,NA,1,2,410,80,0,3359,161268,157768,3500,2133
"302991118800513",30,3,2,38,30,1,3,600,0,NA,NA,2,2,200,0,0,842,30330,0,0,1738
"302991118800514",30,2,1,70,30,1,0,4000,1,5000,NA,2,1,500,0,0,638,15323,0,5120,1616
"303001126001013",30,3,2,57,30,1,1,0,0,NA,NA,2,2,1500,0,600,3895,140220,121260,11850,5573
"303001126001014",30,3,1,64,30,1,1,250,0,NA,NA,2,2,1200,0,0,1799,64788,8280,37764,1976
"303001126001015",30,5,1,56,30,1,1,100,0,NA,NA,1,2,700,0,400,1896,113815,60300,29300,4777
"313031130202213",31,4,2,68,30,1,10,1750,0,NA,621,2,2,300,60,0,1828,87752,77152,10400,5774
"313031130202214",31,1,2,79,31,1,1,2040,0,NA,NA,1,2,12570,0,0,3825,45900,32400,13500,2222
"313031130202215",31,2,1,39,31,1,3,800,0,2000,NA,2,2,7000,50,0,1991,47800,39280,1000,5855
"313041133501113",31,6,2,58,31,1,3,680,0,NA,NA,2,2,2400,350,0,6490,467303,319313,134500,28277
"313041133501114",31,2,2,53,31,1,12,72000,0,NA,621,2,2,420,40,60000,5647,135544,50544,25000,14906
"313041136501113",31,4,2,64,31,1,NA,NA,NA,NA,290,2,2,1600,240,0,4838,232260,96140,9100,7831
"313041136501114",31,4,2,55,31,1,0,NA,1,320,290,2,2,1300,120,4800,4509,216440,169640,42000,7985
"313041136501115",31,4,1,52,36,1,NA,NA,NA,NA,290,2,2,1800,210,0,4453,213770,194720,18850,12443
"313051139500813",31,3,1,38,31,1,1,8000,0,NA,NA,2,2,2000,80,0,3708,133500,93700,1500,7139
"313051139500814",31,3,2,93,31,1,NA,NA,NA,NA,290,2,2,600,0,0,2027,73000,0,40160,3964
"313051139500815",31,4,1,50,42,1,NA,NA,NA,NA,290,2,2,300,0,0,6224,298780,164700,1050,13879
"313061141301313",31,4,1,48,31,1,1,0,0,NA,290,2,2,520,50,0,2656,127500,123300,4200,9336
"313061141301314",31,4,2,54,31,1,2,0,0,NA,NA,2,2,500,100,0,4766,228800,33000,43200,8887
"313061141301315",31,4,1,46,31,1,1,0,0,NA,230,2,2,1200,120,0,2644,126920,58120,5000,8782
"313071144600613",31,4,1,44,31,1,1,3600,0,NA,290,1,2,800,80,700,3616,173580,91600,3200,10781
"313071144600614",31,3,2,51,31,1,5,1200,0,NA,290,2,2,480,50,0,3650,131400,118100,13300,6667
"313071144600615",31,2,1,75,31,1,6,0,0,NA,300,2,2,20000,0,500,3115,74764,33200,41064,12555
"313111147302413",31,4,2,44,31,1,2,300,0,NA,290,2,2,1250,0,0,2494,119730,87160,28600,6302
"313111147302414",31,4,1,57,24,1,NA,NA,NA,NA,NA,2,2,2300,0,0,5971,286654,95780,126000,3284
"313111147302415",31,4,1,43,31,2,NA,NA,NA,NA,290,2,2,160,0,0,1495,71777,11500,600,4849
"313111154801114",31,4,1,29,31,1,2,0,0,600,NA,2,2,300,0,0,2830,135884,130600,950,8799
"313111154801115",31,5,1,63,31,1,NA,NA,NA,NA,270,2,2,580,20,0,2682,160935,125600,11500,8062
"313121158401313",31,5,2,59,31,1,14,5500,0,NA,621,2,2,1200,50,0,2362,141728,132300,1500,11357
"313121158401314",31,2,2,50,31,1,1,300,0,NA,NA,2,2,150,20,0,2339,56147,0,35520,993
"313121158401315",31,2,1,54,31,1,3,460,0,NA,620,1,2,2600,0,0,3310,79440,27370,1100,3555
"313121162601113",31,2,2,88,31,1,2,46,0,243,NA,1,1,9680,100,0,1018,24449,6000,13700,1244
"313121162601114",31,2,1,58,31,1,1,500,0,3800,620,2,1,3600,0,2500,4978,119490,0,23800,2879
"313121162601115",31,1,2,65,1,1,0,1500,2,8000,621,2,1,2500,100,4500,3631,43578,0,38000,1622
"313141169500213",31,5,1,39,31,1,3,1200,0,2500,290,2,2,380,5,3500,1709,102547,81800,13504,4926
"313141169500214",31,1,1,39,31,1,NA,NA,NA,NA,NA,2,2,150,0,150,2879,34552,28400,5800,5334
"313141169500215",31,3,1,44,31,1,1,1400,0,NA,290,1,2,400,50,0,2722,98002,15600,5500,5674.5
"313151175501913",31,4,1,34,31,1,0,0,2,500,290,2,2,500,0,0,2506,120310,0,1200,9719
"313151175501914",31,5,1,57,31,1,0,1600,1,300,621,2,2,500,0,0,3136,188200,0,3000,4640
"313151175501915",31,4,1,74,31,1,12,480,0,NA,621,1,2,500,20,800,1444,69348,0,8800,4256
"313151180901113",31,6,1,64,31,1,3,1500,0,500,290,2,2,9000,100,1200,2700,194435,116500,74000,6600
"313151180901114",31,3,1,56,31,1,NA,NA,NA,NA,NA,2,2,440,20,0,17192,618934,605560,1000,3053
"313161186900513",31,4,1,50,31,1,NA,NA,NA,NA,NA,2,2,350,30,0,1572,75477,39960,10100,3360
"313161186900514",31,2,1,69,31,1,2,4200,0,NA,621,1,2,250,1700,15000,4171,100120,31200,48000,2837
"313161186900515",31,2,1,69,31,1,4,200,0,NA,620,2,2,1000,0,0,2373,56968,19200,21600,2290
"313171192900713",31,4,1,43,31,1,NA,NA,NA,NA,0,2,2,320,0,0,2125,102020,87600,3000,9483
"313171192900714",31,4,1,41,31,1,NA,NA,NA,NA,0,2,2,500,0,0,1883,90400,0,3000,7613
"333231195900814",33,4,2,51,33,2,1,0,1,2000,290,2,1,1700,0,700,4229,203020,199220,3100,2552
"333231195900815",33,3,2,58,33,2,NA,NA,NA,NA,NA,2,2,2100,0,0,4309,155140,119600,2100,3807
"333251199500913",33,2,1,52,33,1,1,1300,0,NA,621,1,2,560,106,1100,4573,109760,62400,500,3789
"333251199500914",33,2,1,57,33,1,1,680,0,NA,621,1,2,760,100,500,1632,39188,20000,1200,3624
"333261203402213",33,6,2,43,33,1,4,800,0,1000,690,2,2,450,120,0,1055,75965,41300,2300,6182
"333261203402214",33,4,1,43,33,1,2,1650,0,NA,280,1,2,350,0,0,1809,86865,36300,2800,7352
"333261203402215",33,3,1,52,33,1,2,5100,0,NA,NA,2,2,650,100,0,4242,152720,15600,11000,4896
"333271205800413",33,5,2,70,33,1,NA,NA,NA,NA,290,2,2,1200,0,0,3334,200082,197748,2100,936
"333271205800414",33,2,2,75,33,1,1,200,0,NA,NA,2,2,600,0,0,4114,98740,73800,3000,2609
"333271205800415",33,5,1,66,33,1,0,NA,1,5000,NA,2,2,1350,0,0,2117,127050,78300,5000,4971
"333271209701013",33,4,1,49,33,1,2,6000,0,NA,290,2,2,1250,40,1290,879,42220,0,13240,3131
"333271209701014",33,4,1,46,33,1,NA,NA,NA,NA,NA,2,2,1250,40,0,3091,148373,70210,450,3177
"333271209701015",33,2,1,60,33,1,0,NA,3,0,NA,2,1,780,120,700,838,20123,0,2500,1759
"333291214200613",33,2,2,49,33,1,3,2000,0,NA,290,2,2,500,0,0,1636,39277,0,12000,4884
"333291214200614",33,2,1,61,33,1,2,5000,0,NA,NA,NA,NA,200,0,0,3105,74540,0,0,5832
"333291217800113",33,1,1,54,33,1,0,NA,2,11000,NA,2,2,500,0,0,862,10350,9800,0,950
"333291217800114",33,2,2,54,33,1,4,700,0,NA,NA,1,2,1200,0,0,1043,25053,0,0,6228
"333301222900213",33,3,1,42,33,1,1,1260,0,NA,NA,2,2,420,125,0,853,30742,0,417,3730
"333301222900214",33,4,1,50,33,1,1,620,0,NA,NA,NA,NA,430,14,0,818,39297,0,860,4460
"333301226201113",33,3,1,49,33,1,2,285,0,NA,630,2,2,415,0,0,2472,89018,18800,1750,4141
"333301226201114",33,6,1,83,33,1,0,600,1,5000,290,2,1,1200,0,0,1572,113186,67200,4160,5062
"333301226201115",33,3,1,58,33,1,0,500,1,3000,630,2,2,700,0,1000,1530,55114,36500,8000,1751
"333311229800413",33,4,1,65,33,1,NA,NA,NA,NA,NA,2,2,465,17,0,829,39808,9200,0,4798
"333311229800414",33,2,1,79,33,1,NA,NA,NA,NA,NA,2,2,420,15,0,4352,104460,98400,5600,1936
"333311229800415",33,3,1,41,33,1,NA,NA,NA,NA,290,2,2,370,25,0,4134,148850,0,61200,5723
"333321234300413",33,4,1,33,33,1,NA,NA,NA,NA,289,2,2,1500,0,500,3305,158677,75000,2500,3312
"333321234300414",33,1,2,94,33,1,0,0,4,0,NA,1,1,3600,10,0,683,8200,0,6600,607
"343361243300313",34,2,1,58,34,1,1,350,0,NA,621,1,2,165,0,0,4487,107700,0,0,2106
"343361243300315",34,2,1,65,34,1,2,90,0,NA,621,1,2,1000,0,0,3333,80000,0,80000,2377
"343361246600613",34,4,1,40,34,1,1,560,0,NA,621,2,2,310,0,0,2261,108538,102000,0,5162
"343361246600614",34,2,2,52,34,1,NA,NA,NA,NA,NA,2,2,300,0,0,2542,61030,15000,500,2729
"343361246600615",34,5,1,66,34,1,1,0,0,NA,NA,2,2,450,0,0,1389,83350,69244,1300,5973
"343381250800313",34,4,1,40,34,1,NA,NA,NA,NA,290,2,2,150,0,0,1779,85423,79500,300,5305
"343381250800314",34,1,2,75,34,1,NA,NA,NA,NA,NA,2,2,60,0,0,294,3530,0,1000,733
"343381250800315",34,4,1,53,34,1,NA,NA,NA,NA,290,2,2,500,0,0,1567,75258,60000,1500,1788
"343381256501313",34,2,1,66,34,1,NA,NA,NA,NA,621,2,2,140,0,0,2813,67524,54144,5000,2547
"343381256501314",34,2,1,61,34,1,NA,NA,NA,NA,621,2,2,210,0,0,466,11200,0,2000,1358
"343391262500313",34,1,2,89,34,1,1,1000,0,NA,NA,2,1,1000,0,0,680,8160,0,8160,2822
"343391262500314",34,2,1,61,34,1,2,0,1,300,NA,2,2,540,120,1000,1879,45109,26244,7000,1238
"343391262500315",34,1,2,81,34,1,NA,NA,NA,NA,NA,2,2,300,0,0,902,10826,0,8250,768
"343391267300513",34,1,2,74,34,1,0,0,1,100,NA,1,1,300,70,250,2105,25260,0,16640,803
"343391267300515",34,1,2,55,34,1,1,0,0,NA,NA,1,2,300,0,0,621,7453,0,2000,597
"343401272100913",34,2,1,82,34,1,2,500,0,NA,621,1,2,50,50,200,3774,90594,72000,14320,1308
"343401272100914",34,6,1,62,34,1,2,0,0,NA,290,2,2,2500,150,0,1695,122089,76980,2000,2946
"343401278100614",34,1,1,48,34,1,5,1000,0,NA,NA,1,2,1750,100,0,6558,78700,0,50000,5729
"343401278100615",34,2,1,56,34,1,NA,NA,NA,NA,NA,NA,NA,1000,0,0,2319,55663,0,30000,10238
"343411286200213",34,2,2,92,34,1,NA,NA,NA,NA,NA,2,2,500,0,0,973,23360,0,23360,703
"343411286200214",34,4,1,56,34,1,0,NA,1,1200,621,2,2,2000,0,5000,2066,99210,54960,15000,3351
"343411286200215",34,2,1,67,34,1,NA,NA,NA,NA,621,2,2,1500,0,0,1164,27940,10200,16800,1979
"343411292501114",34,4,1,52,34,1,1,500,0,NA,290,2,2,500,0,3000,2272,109072,78600,3000,2587
"343411292501115",34,2,1,62,34,1,3,3000,0,NA,621,2,2,500,0,4000,2679,64297,36000,15000,1650
"343421298500513",34,2,1,71,34,1,3,200,0,100,NA,2,1,200,0,3000,3677,88270,84000,1000,3863
"343421298500514",34,4,1,52,34,1,2,0,0,NA,NA,2,2,1000,0,2000,716,34402,0,6240,2482
"343421298500515",34,3,1,47,34,1,1,0,0,NA,290,2,2,120,0,0,2295,82622,41864,10000,2416
"343421304201413",34,2,1,72,34,1,0,NA,1,1600,NA,2,2,100,0,3000,1759,42235,30000,2600,1199
"343421304201414",34,1,2,60,34,1,1,100,0,NA,NA,NA,NA,80,0,100,1008,12100,0,12000,1652
"343421304201415",34,4,1,46,34,1,1,100,0,NA,NA,2,2,300,0,0,1077,51743,15000,10000,2747
"343431309300713",34,5,1,63,34,1,NA,NA,NA,NA,290,2,2,200,0,0,1796,107800,107400,400,4298
"343431309300715",34,2,1,58,34,1,1,2400,0,NA,NA,2,2,150,0,0,3147,75530,47000,1000,1896
"343431315600413",34,3,1,49,34,1,1,400,0,NA,621,2,2,200,0,0,2505,90188,58400,500,2512
"343431315600414",34,4,1,49,34,1,0,100,1,4000,290,2,2,300,0,4000,851,40882,0,16000,4480
"343431315600415",34,2,1,92,34,1,1,0,1,0,NA,NA,NA,200,0,0,660,15860,0,15360,1091
"343441321000813",34,4,1,42,34,1,NA,NA,NA,NA,290,2,2,200,50,0,2062,98983,90400,1000,6017
"343441321000814",34,4,1,62,34,1,2,0,0,NA,621,2,2,1700,0,0,2033,97628,57968,20410,9217
"343441321000815",34,1,2,79,34,1,NA,NA,NA,NA,NA,2,2,70,0,0,1235,14830,0,3500,617
"343441325501113",34,2,1,52,34,1,NA,NA,NA,NA,621,2,2,120,0,0,2016,48400,12500,1000,1365
"343441325501115",34,3,1,60,34,1,2,492,0,NA,NA,1,2,1348,145,0,3727,134177,130000,410,3888
"353471328800113",35,5,1,50,35,1,NA,NA,NA,NA,621,2,2,1850,190,0,4147,248850,0,3400,14938
"353471328800114",35,4,2,50,35,1,2,100,0,NA,621,1,2,1500,400,0,5467,262450,75300,5000,6181
"353491332100513",35,3,1,45,35,1,NA,NA,NA,NA,NA,2,2,1300,200,0,3702,133300,43000,37300,3618
"353491332100515",35,4,1,43,35,1,2,800,0,NA,289,2,2,300,0,0,1065,51150,50700,450,5149
"353491335701213",35,2,1,58,35,1,1,24000,0,NA,NA,1,2,200,0,0,2445,58700,0,16240,1545
"353491335701214",35,5,2,54,35,1,3,4500,0,NA,NA,2,2,500,50,0,1788,107330,92700,5400,5881
"353501340500213",35,2,1,54,35,1,4,23000,0,NA,0,1,2,5800,450,27000,2794,67059,12000,1000,2227
"353501340500214",35,5,1,37,35,1,NA,NA,NA,NA,290,2,2,300,0,0,2860,171624,0,5000,7473
"353501340500215",35,3,2,68,35,1,3,600,0,NA,NA,2,2,180,20,300,509,18359,13750,300,1786
"353511345000613",35,3,1,55,35,1,NA,NA,NA,NA,NA,NA,NA,300,0,0,1671,60189,30000,8590,1884
"353511345000614",35,5,1,41,35,1,4,6000,0,NA,NA,2,2,500,0,1000,1268,76095,61000,1550,3785
"353511345000615",35,3,1,39,35,1,NA,NA,NA,NA,NA,2,2,700,30,0,4888,176000,151000,25000,4136
"353511348301813",35,1,2,76,35,1,NA,NA,NA,NA,NA,NA,NA,150,0,0,558,6700,0,6000,526
"353511348301815",35,2,1,70,35,1,NA,NA,NA,NA,NA,2,2,800,30,0,2856,68560,31300,12000,1746
"353521351601613",35,3,1,49,35,1,NA,NA,NA,NA,290,2,2,200,0,0,1867,67234,7200,23500,4799
"353521351601614",35,3,1,50,35,1,NA,NA,NA,NA,NA,NA,NA,215,0,0,4011,144419,0,56000,6772
"353521351601615",35,4,1,49,35,1,NA,NA,NA,NA,298,2,2,200,0,0,2326,111667,78900,21500,2489
"353521354900213",35,4,1,44,35,1,NA,NA,NA,NA,289,2,2,200,0,0,1775,85220,0,1000,2437
"353521354900215",35,5,1,50,35,1,2,4000,0,NA,289,2,2,300,0,0,1567,94033,37700,2000,5651
"353531357600213",35,4,2,50,35,1,NA,NA,NA,NA,290,2,2,720,0,0,3726,178861,110460,34800,3903
"353531357600215",35,4,1,47,35,1,NA,NA,NA,NA,621,2,2,180,0,0,4314,207080,11000,8500,3063
"353531361201013",35,2,1,72,35,1,1,300,0,3000,NA,1,2,300,120,0,1972,47345,0,42800,4201
"353531361201014",35,2,2,30,35,1,NA,NA,NA,NA,NA,2,2,1750,0,0,398,9557,0,3460,1331
"353531361201015",35,3,1,42,35,1,1,350,0,NA,NA,NA,NA,600,40,0,1616,58185,8500,2500,4924
"363561364802414",36,3,1,42,36,1,0,NA,1,5100,NA,2,1,520,10,3700,2948,106160,101760,700,4141
"363561364802415",36,4,1,45,36,1,0,120,1,20000,290,1,2,380,50,16400,1997,95870,66770,1250,4462
"363561368100813",36,2,1,66,36,1,NA,NA,NA,NA,NA,2,2,1800,0,0,3330,79930,76680,3250,11589
"363561368100814",36,4,1,41,36,1,7,2100,0,11600,290,2,2,7680,8690,6510,12108,581211,114287,1450,20530
"363561368100815",36,5,1,84,36,1,0,NA,1,10000,290,2,2,15000,750,4500,3482,208950,0,15000,6660
"363581372601214",36,4,1,37,36,1,NA,NA,NA,NA,290,2,2,550,0,0,1150,55228,47500,1000,4424
"363591378002113",36,2,1,66,36,1,2,700,0,NA,NA,2,2,750,0,0,1912,45888,0,39450,2675
"363591378002114",36,3,1,64,36,1,1,700,0,NA,NA,1,2,2000,300,0,1179,42453,0,34264,2934
"363591378002115",36,4,1,41,36,1,NA,NA,NA,NA,290,2,2,100,0,0,1252,60140,10080,32600,5418
"363601382202013",36,6,1,86,36,1,0,NA,1,6700,NA,NA,NA,2300,27,4080,2217,159651,55940,4000,2659
"363601382202014",36,2,1,60,36,1,NA,NA,NA,NA,NA,NA,NA,480,0,0,1585,38060,0,8750,6458
"363601382202015",36,2,1,81,36,1,12,0,0,NA,NA,2,2,1500,0,9000,1265,30360,0,19210,1683
"363601387000913",36,1,2,68,36,1,0,NA,1,2400,230,2,1,3000,0,3000,1857,22294,0,9200,1077
"363601387000914",36,2,1,78,36,1,1,480,0,NA,NA,1,2,420,15,1610,1981,47565,0,45820,2448
"363601387000915",36,3,1,36,36,1,1,5000,0,NA,NA,NA,NA,1000,0,500,2327,83798,66000,6050,1165
"363611391201113",36,2,1,49,36,1,3,3000,0,NA,NA,NA,NA,700,0,0,4861,116680,0,36000,2283
"363611391201114",36,2,2,47,36,1,1,2000,0,NA,NA,1,2,3000,0,0,4650,111610,0,5000,3921
"363621396602013",36,5,2,62,36,1,NA,NA,NA,NA,290,2,2,180,0,0,2703,162190,98000,6500,16668
"363621396602015",36,4,1,32,36,1,NA,NA,NA,NA,300,2,2,300,0,0,2839,136300,134800,1500,2760
"363621399601313",36,5,1,78,36,1,1,3000,0,NA,300,1,2,330,0,2000,1436,86210,69100,3820,1002
"363621399601315",36,2,2,76,36,1,2,1000,0,NA,NA,1,2,1150,0,0,1650,39600,0,39600,1239
"363631403801113",36,4,1,33,36,1,NA,NA,NA,NA,290,2,2,470,150,0,1448,69528,57250,3142,3092
"363631403801115",36,4,1,36,36,1,1,500,0,NA,290,2,2,350,0,0,2434,116848,0,1644,2853
"363631408001413",36,3,1,53,36,1,2,400,0,NA,NA,1,2,350,0,0,2185,78684,35320,5981,2660
"363631408001414",36,2,1,61,36,1,NA,NA,NA,NA,NA,2,2,550,45,0,1689,40544,0,1344,1660
"363631408001415",36,2,1,46,36,1,2,190,0,NA,NA,2,2,120,35,0,1358,32604,0,18108,5836
"363641411600613",36,3,1,33,36,1,2,800,0,NA,NA,2,2,500,0,0,1588,57200,40000,500,2430
"363641411600614",36,6,1,56,36,1,NA,NA,NA,NA,290,2,2,200,50,0,2648,190720,153700,2000,6637
"363641411600615",36,3,1,55,36,1,NA,NA,NA,NA,NA,2,2,100,0,0,1331,47920,0,400,4473
"363651416101315",36,2,1,69,36,1,NA,NA,NA,NA,NA,2,2,900,0,0,1590,38164,0,7500,1249
"363651420000813",36,6,1,47,36,1,1,600,0,NA,289,2,2,500,0,3500,2237,161112,55000,80500,5767
"363651420000814",36,5,1,32,36,1,1,360,0,NA,290,2,2,360,0,0,934,56088,0,1600,2783
"363661428400114",36,5,1,38,36,1,1,60,0,NA,290,2,2,720,0,0,2502,150150,0,3850,6501
"363661428400115",36,2,1,57,36,1,NA,NA,NA,NA,350,2,2,160,0,0,3668,88042,49760,2550,2394
"373691432901013",37,5,2,52,37,1,0,NA,2,0,625,2,2,300,0,0,5920,355200,148500,11000,7982
"373691432901014",37,3,1,54,37,1,NA,NA,NA,NA,290,2,2,158,20,0,6053,217930,0,41150,6471
"373691432901015",37,5,1,61,38,1,4,0,0,NA,NA,1,2,1200,0,0,6293,377600,231600,146000,11542
"373701436800913",37,2,1,67,37,1,1,0,0,NA,NA,1,2,1400,0,0,3239,77750,72840,600,2927
"373701436800914",37,2,1,72,37,1,6,100,3,450,NA,2,1,120,0,0,1666,40000,34500,5500,2385
"373701436800915",37,4,1,38,37,1,NA,NA,NA,NA,248,2,2,2400,100,0,1195,57370,55400,1800,3930
"373721439801213",37,6,1,61,37,1,0,0,2,1000,NA,1,1,1000,0,8000,1214,87471,43800,29160,4064
"373721439801214",37,2,1,66,37,1,1,30,1,1500,621,1,2,1800,60,800,2936,70467,63015,400,2577
"373721439801215",37,1,2,54,37,1,NA,NA,NA,NA,NA,2,2,700,0,0,682,8186,0,4200,553
"373721444000913",37,3,1,55,37,1,NA,NA,NA,NA,NA,2,2,450,0,0,3383,121820,53850,4300,3095
"373721444000914",37,4,1,43,37,1,1,470,0,NA,621,2,2,400,30,0,3026,145257,79615,300,2892
"373721444000915",37,5,2,67,37,1,5,1000,0,NA,250,1,2,400,0,0,996,59800,34400,10160,2962
"373731447900513",37,4,1,45,37,1,2,4000,0,NA,248,2,2,360,0,0,1855,89056,24000,1200,6146
"373731447900514",37,3,1,46,37,1,NA,NA,NA,NA,248,2,2,230,0,0,1214,43719,8050,12000,3319
"373731447900515",37,2,1,60,37,1,NA,NA,NA,NA,621,2,2,600,0,0,2166,52002,0,22290,1890
"373741452700213",37,5,2,37,37,1,0,NA,1,0,NA,2,2,1000,0,0,2316,138979,126280,1500,4541
"373741452700214",37,4,1,38,37,1,2,72,0,530,0,2,2,86,30,0,2463,118241,69000,500,3114
"373741452700215",37,4,1,51,37,1,2,3000,0,0,0,1,2,120,15,0,2375,114030,0,4500,3565
"373751460800313",37,4,1,43,37,1,4,180,0,NA,249,2,2,750,150,0,1570,75371,36000,2400,3240
"373751460800314",37,3,1,34,37,1,2,120,0,NA,249,2,2,450,120,0,1835,66081,33200,3700,3115
"373751460800315",37,1,2,89,37,1,5,200,0,NA,NA,1,2,70,20,400,898,10780,0,9660,779
"373771470400813",37,1,2,84,37,1,NA,NA,NA,NA,NA,2,2,50,0,2800,566,6793,0,3620,3871
"373771470400814",37,3,1,29,37,1,0,NA,1,420,NA,2,1,500,0,0,4369,157316,111996,3000,3199
"373771470400815",37,4,1,38,37,1,NA,NA,NA,NA,240,2,2,1500,0,0,1100,52802,32000,300,2145
"373771474300814",37,2,1,80,37,1,1,2000,0,NA,500,2,2,6600,0,1000,1556,37360,31200,5160,1935
"383801477600713",38,5,1,48,38,1,2,500,0,NA,NA,2,2,1000,150,0,2011,120710,53400,24000,3180.5
"383821483600915",38,5,1,40,38,1,1,800,0,NA,290,2,2,450,120,0,2280,136802,52000,5500,8380
"383861494700613",38,2,2,63,38,1,0,120,1,2000,NA,2,2,110,10,600,730,17536,0,80,1425
"383861494700614",38,4,1,50,38,1,2,300,0,NA,NA,2,2,130,20,0,753,36177,0,2700,1905
"383861494700615",38,4,1,54,38,1,4,120,0,NA,NA,1,2,130,15,500,1332,63981,0,33965,1921
"383881505200214",38,4,1,32,38,1,NA,NA,NA,NA,NA,2,2,0,0,0,902,43301,0,0,2316
"383881505200215",38,4,1,31,38,1,0,NA,2,0,NA,2,2,50,0,300,1304,62599,0,1000,1639
"383941540900813",38,4,1,49,38,1,0,3600,1,2200,621,2,2,240,30,500,1293,62108,18000,7000,6299
"383941540900814",38,2,1,84,38,1,NA,NA,NA,NA,NA,NA,NA,1400,70,1400,277,6655,0,5020,1192
"383941540900815",38,4,1,36,38,1,1,600,0,NA,290,2,2,200,50,0,2385,114505,13500,600,2327
"383951548401113",38,5,1,64,38,1,NA,NA,NA,NA,NA,NA,NA,1700,100,500,1102,66153,0,2600,2833.5
"383951548401114",38,7,2,44,38,1,NA,NA,NA,NA,290,2,2,500,0,0,1260,105876,96000,1500,2017
"383951548401115",38,2,1,83,38,2,NA,NA,NA,NA,NA,2,2,1500,0,0,1338,32117,25920,1560,960
"383951558301013",38,5,1,47,38,1,2,250,0,NA,290,2,2,630,0,0,1031,61862,35000,4700,3801
"383951558301014",38,2,1,56,38,1,NA,NA,NA,NA,610,2,2,150,80,0,1930,46320,18200,7200,1849
"383951558301015",38,2,1,62,38,1,4,530,0,NA,621,2,2,280,0,0,674,16182,0,3500,1868
"383991588600313",38,5,1,60,38,1,3,620,0,800,NA,2,2,1800,0,0,1911,114664,28600,32920,6131
"383991588600314",38,5,1,55,38,1,NA,NA,NA,NA,NA,2,2,200,0,0,1954,117251,73170,380,6366
"383991588600315",38,7,1,52,38,1,0,NA,1,920,310,2,2,240,0,0,1266,106376,94970,400,7560
"383991600000914",38,2,2,49,38,1,NA,NA,NA,NA,NA,2,2,380,0,0,1338,32116,28199,300,1094
"383991600000915",38,3,1,64,38,1,NA,NA,NA,NA,NA,2,2,300,0,0,1733,62406,0,260,1870
"384011610201014",38,2,1,70,38,1,1,30,3,600,NA,2,2,250,0,1000,1001,24029,0,7360,3556
"384011610201015",38,1,2,73,38,1,0,NA,1,600,NA,2,1,500,0,1500,835,10020,0,8520,5958
"384041627900113",38,3,1,50,38,1,NA,NA,NA,NA,621,2,2,280,50,0,2656,95640,0,8500,6534
"384041637200413",38,5,1,49,38,1,NA,NA,NA,NA,290,2,2,350,60,0,1033,61999,0,2400,3793
"384041637200414",38,2,1,56,38,1,0,NA,1,350,620,2,1,450,70,1800,2595,62284,49224,5000,2330
"384061648000713",38,4,1,52,38,1,NA,NA,NA,NA,300,2,2,200,30,0,3782,181549,137100,12500,5142
"384061648000714",38,4,1,43,38,1,2,300,0,3320,NA,2,1,400,50,3700,2472,118673,80600,7150,2830
"384061648000715",38,7,1,59,38,1,0,NA,1,0,NA,1,2,500,70,5000,1895,159236,99085,3500,4154
"384071657900113",38,2,2,64,38,1,0,NA,3,900,290,2,2,420,0,0,1080,25920,0,3500,1397
"384071657900115",38,4,1,51,38,1,NA,NA,NA,NA,NA,NA,NA,0,0,0,2793,134073,112300,350,4679
"404121666300813",40,5,1,52,40,1,2,2000,0,13000,621,2,2,450,0,3500,4576,274580,265480,5600,10517
"404121666300814",40,3,1,62,40,1,1,300,1,12000,NA,1,1,250,0,16000,2438,87795,61000,8500,2969
"404121666300815",40,3,1,57,40,1,2,550,0,NA,621,2,2,720,60,2000,2880,103680,86480,15000,6151
"404121669302114",40,7,1,62,40,1,6,3000,0,NA,NA,1,2,1000,0,0,1922,161480,105900,3500,14238
"404121669302115",40,3,2,58,40,1,0,NA,1,550,290,2,2,350,0,0,4328,155820,63920,400,5728
"404141700300314",40,4,1,51,40,1,3,3800,0,NA,289,2,2,6800,80,0,2791,134000,124600,9400,5874
"404141700300315",40,4,1,57,40,1,2,350,0,11300,NA,2,2,3100,120,4200,6052,290520,240400,17200,12195
"404161679800213",40,4,1,70,40,1,NA,NA,NA,NA,NA,2,2,50,0,0,1089,52280,0,42000,3027
"404161679800214",40,2,1,51,40,1,1,100,0,NA,NA,1,2,100,0,0,585,14051,0,2000,1397
"404161679800215",40,6,1,44,40,1,1,0,1,0,NA,2,2,100,0,0,357,25773,0,3430,3120
"404181687600414",40,2,1,82,40,1,2,200,0,NA,NA,2,2,300,0,400,2193,52650,48000,4250,2776
"404181687600415",40,4,1,49,40,1,1,250,0,NA,290,2,2,200,0,0,2031,97520,0,0,1816
"404191697500213",40,3,1,60,40,1,NA,NA,NA,NA,NA,2,2,370,40,0,3221,115964,88060,0,4708
"404191697500214",40,3,2,48,40,1,NA,NA,NA,NA,289,2,2,0,0,0,1804,64975,24000,20000,1862
"404191697500215",40,4,1,45,40,1,NA,NA,NA,NA,290,2,2,200,100,0,4820,231398,87500,0,2907
"404201707100915",40,3,2,38,40,1,NA,NA,NA,NA,621,2,2,500,100,0,2666,96000,0,0,4538
"404211714000313",40,3,1,32,40,1,1,0,0,NA,290,2,2,250,0,0,1833,66020,18290,8500,2752
"404211714000314",40,4,1,55,40,1,10,1000,1,3600,NA,1,1,1500,100,15000,2440,117135,0,37000,12257
"404211722100513",40,1,2,54,40,1,NA,NA,NA,NA,NA,NA,NA,150,0,0,5000,60000,0,60000,3049
"404211722100514",40,5,1,49,40,1,1,2500,0,NA,290,2,2,1200,110,0,1578,94720,0,3500,6625
"404211722100515",40,3,1,68,40,1,2,4000,0,NA,NA,2,2,500,0,0,1810,65164,43800,17120,2750
"404231729900613",40,5,1,78,40,1,0,NA,1,1500,NA,2,2,1200,0,0,3297,197838,187500,1020,9197
"404231729900614",40,4,2,45,40,1,0,NA,1,1000,NA,2,2,450,0,0,1371,65824,29500,1080,1997
"404241738000613",40,2,1,78,40,1,0,NA,1,3000,NA,2,1,300,100,1000,390,9376,0,6670,1053
"404241738000614",40,1,2,91,40,1,NA,NA,NA,NA,NA,2,2,1520,0,0,966,11600,0,11600,1623
"404241738000615",40,4,1,42,40,1,3,0,0,2000,278,1,2,320,0,450,6791,325990,0,480,7818
"404251746700713",40,8,2,53,40,1,0,NA,1,1200,NA,2,2,1200,100,300,1253,120336,67000,2100,7580
"404251746700714",40,5,1,39,40,1,1,100,0,15000,NA,2,2,1000,0,3000,1505,90334,0,2200,3819
"404251746700715",40,5,1,50,40,1,4,420,0,450,NA,2,2,3200,50,3000,1140,68448,42750,10500,3097
"404261752701913",40,4,1,33,40,1,0,0,1,3000,290,2,2,1500,0,1200,2906,139508,87000,22800,3369
"404261752701914",40,4,1,48,40,1,1,450,0,NA,360,2,2,6600,150,0,1285,61692,4500,140,7953
"404261752701915",40,2,1,77,40,1,12,2000,0,5000,NA,2,1,240,0,2000,1791,42985,36000,2800,2923
"404261760801513",40,5,1,29,40,1,4,1500,0,NA,290,1,2,0,0,0,841,50463,0,1200,4422
"404261760801514",40,5,1,49,40,1,1,20,0,NA,NA,2,2,1200,0,0,2227,133650,34800,2418,2264
"404261760801515",40,6,1,40,40,1,2,200,0,2000,NA,1,2,3500,0,2000,1411,101604,0,2050,5147
"404271770101313",40,1,2,71,40,1,1,0,0,NA,NA,1,2,300,50,0,460,5520,0,5520,934
"404271770101314",40,2,2,76,40,1,6,450,0,NA,NA,NA,NA,50,0,0,1906,45746,40000,0,739
"404271770101315",40,2,1,51,40,1,NA,NA,NA,NA,NA,2,2,1000,0,0,2038,48926,12400,24900,1758
"404281778800913",40,2,1,91,40,1,0,NA,1,1000,NA,2,2,15000,1000,18000,2196,52720,0,34720,2123
"404281778800914",40,6,2,66,40,1,1,250,0,NA,NA,1,2,200,0,0,711,51194,22500,958,2287
"404281778800915",40,5,1,92,40,1,1,110,0,NA,NA,2,2,190,0,0,824,49471,0,6070,2754
"404291784200913",40,4,1,40,40,1,1,130,0,NA,290,2,2,250,0,0,2908,139623,125220,11510,2843
"404291784200914",40,3,2,38,40,1,1,6800,0,NA,290,2,2,640,50,0,1368,49254,0,33550,1984
"404291784200915",40,3,2,70,40,1,11,4400,0,NA,290,2,2,400,0,0,1397,50310,44400,4000,1889
"404291791101513",40,4,1,51,40,1,1,50,0,550,NA,1,2,45,0,270,942,45235,0,4520,3212
"404291791101514",40,3,1,55,40,1,5,550,0,NA,NA,NA,NA,9400,50,2500,1975,71108,3000,12610,2460
"404291791101515",40,3,1,52,40,1,0,NA,1,620,650,2,1,55,0,0,1349,48577,0,10550,2315
"404311800401113",40,2,1,68,40,1,0,NA,4,0,NA,2,1,300,0,1000,605,14520,0,550,1008
"404311800401114",40,6,1,35,40,1,1,30,0,NA,290,2,2,430,70,0,895,64453,29100,1550,2996
"404311800401115",40,4,1,33,40,1,1,1000,0,NA,290,2,2,150,30,0,2779,133431,0,8050,4873
"424361810600213",42,4,1,50,42,1,0,1700,1,300,NA,2,1,1000,0,0,1899,91189,68400,0,4230
"424361810600214",42,5,1,41,42,1,4,800,0,NA,290,2,2,1500,0,0,1641,98465,48500,1200,5802
"424361810600215",42,8,1,61,42,1,0,200,1,500,NA,2,2,1000,0,0,1714,164599,161000,1000,7500
"424391817201513",42,4,1,60,42,1,10,500,0,NA,NA,2,2,1000,0,0,1403,67354,50400,2000,3222
"424391817201514",42,3,1,53,42,1,NA,NA,NA,NA,NA,NA,NA,1200,0,0,1316,47383,30000,4200,1917
"424391817201515",42,5,1,57,42,1,1,100,0,NA,630,1,2,260,0,0,1635,98103,16000,22400,4167
"424401822900313",42,5,1,39,42,1,10,1200,0,NA,290,2,2,120,0,0,569,34180,24000,4060,2489
"424401822900314",42,5,1,53,42,1,3,300,0,NA,NA,2,2,200,0,0,928,55739,36000,1000,2830
"424401822900315",42,3,1,49,42,1,NA,NA,NA,NA,290,2,2,175,0,0,997,35924,0,0,1881
"424401829800913",42,3,1,60,42,1,2,1500,0,NA,NA,NA,NA,300,0,0,6074,218682,30000,0,4423
"424431846000513",42,5,1,52,42,1,0,40,1,700,NA,1,1,1000,0,0,1082,64932,3000,7533,2869
"424431846000514",42,4,1,44,42,1,3,900,0,NA,NA,1,2,600,0,0,704,33838,23250,360,2673.5
"424431846000515",42,1,2,79,42,1,2,150,0,NA,NA,NA,NA,100,0,0,375,4500,0,4500,481
"424441850800613",42,5,1,45,42,1,0,NA,1,5000,289,2,2,1000,0,0,224,13464,0,2000,2416
"424441850800614",42,3,1,52,42,1,NA,NA,NA,NA,289,2,2,200,0,0,988,35590,9000,0,2119
"424451856500513",42,2,1,56,42,1,1,0,0,0,NA,2,1,500,0,0,3627,87050,61800,0,3835
"424451856500514",42,3,1,54,42,1,1,1000,0,3000,3000,2,2,800,0,0,4042,145540,54480,0,2896
"424451856500515",42,2,1,72,42,1,3,0,1,0,NA,1,1,400,0,0,2478,59490,49200,3000,3663
"424451866100613",42,2,1,73,42,1,0,0,1,500,NA,2,1,120,0,1200,587,14100,0,12900,1784
"424451866100614",42,2,1,82,42,1,0,NA,1,2000,NA,2,2,100,0,510,481,11560,0,2160,1677
"424451866100615",42,4,1,41,42,1,NA,NA,NA,NA,290,2,2,230,0,0,4297,206268,0,0,2277
"424461871500613",42,4,1,49,42,1,3,3000,0,6000,298,1,1,1000,0,0,2031,97534,0,50000,41918
"424461871500614",42,2,1,74,42,1,0,NA,1,500,NA,2,1,200,0,0,3966,95188,66480,27356,3461
"424461871500615",42,3,2,31,42,1,1,180,0,NA,NA,1,2,220,0,0,2471,88984,0,72200,3571
"424471878100913",42,4,2,36,42,1,3,0,0,NA,250,1,2,4000,0,0,1569,75336,0,66800,3303
"424481841200313",42,3,1,51,42,1,NA,NA,NA,NA,NA,NA,NA,1000,0,0,415,14966,5000,50,14888
"424481841200314",42,4,1,48,42,1,NA,NA,NA,NA,260,2,2,1200,0,0,548,26319,0,0,3782
"444501886800513",44,4,1,53,44,1,1,250,0,NA,621,2,2,300,0,0,2776,133270,129800,2550,7465
"444501886800514",44,4,1,41,44,1,3,570,0,NA,290,2,2,620,150,0,4331,207900,199400,8500,9625
"444521892800213",44,3,1,56,44,1,1,1500,0,NA,NA,2,2,850,50,0,2534,91244,78300,0,2852
"444521892800214",44,4,1,64,44,1,NA,NA,NA,NA,NA,2,2,400,0,0,524,25177,14000,4897,3377
"444521892800215",44,2,1,77,44,1,0,0,1,600,NA,2,1,1200,15,1500,542,13025,0,7860,1679
"444531899401113",44,1,2,72,44,1,1,0,0,NA,NA,1,2,150,0,500,791,9495,0,3000,1010
"444531899401114",44,2,2,91,44,1,2,700,1,1300,NA,2,2,670,100,1100,910,21848,0,3260,1408
"444531899401115",44,5,1,36,44,1,0,NA,1,500,260,1,2,500,300,0,984,59090,31500,0,1677
"444541903601114",44,5,1,61,44,1,1,50,0,NA,NA,2,2,800,0,0,1663,99800,99600,200,10994
"444541903601115",44,4,1,45,44,1,1,3000,0,NA,290,2,2,5000,0,0,1892,90820,70000,150,8009
"444551911401713",44,4,2,49,44,1,NA,NA,NA,NA,290,2,2,100,50,0,1172,56275,53500,0,1570
"444551911401714",44,5,2,59,44,1,NA,NA,NA,NA,290,2,2,45,10,0,1960,117635,116370,0,2768
"444551911401715",44,1,2,72,44,1,NA,NA,NA,NA,NA,2,2,100,50,0,3466,41594,31200,10000,1812
"444571924600113",44,5,1,39,44,1,NA,NA,NA,NA,290,2,2,500,100,0,3128,187715,0,1000,4315
"444571924600114",44,2,1,57,44,1,1,4500,0,NA,NA,2,2,400,0,0,5776,138640,134580,3000,2156
"444571924600115",44,4,2,49,44,1,NA,NA,NA,NA,NA,2,2,600,500,0,3690,177160,177160,0,6823
"444571929401414",44,5,1,67,44,1,2,100,0,NA,NA,1,2,300,0,0,2078,124725,0,0,5611
"444571929401415",44,3,1,45,44,1,NA,NA,NA,NA,2400,2,2,1200,500,0,3911,140828,0,0,3621
"454611934801314",45,6,2,66,45,1,3,200,0,NA,680,1,2,360,0,0,1816,130760,127200,1500,2383
"454641937800713",45,4,1,49,45,1,3,300,0,NA,NA,2,2,250,50,200,1633,78408,18900,2674,1445
"454641937800714",45,6,1,46,45,1,1,700,0,14200,290,2,2,550,0,5500,980,70565,33760,3600,7317
"454651943800213",45,2,2,28,45,1,1,0,0,2200,NA,1,1,0,0,1500,735,17640,14590,650,5064
"454651943800214",45,6,1,36,45,1,3,0,0,NA,NA,1,2,120,0,0,405,29229,11850,2223,3219
"454651943800215",45,6,1,29,45,1,1,0,0,NA,NA,2,2,0,0,0,561,40395,11000,1045,2173
"454661949600713",45,3,2,64,45,1,5,0,0,20000,NA,2,2,300,0,0,605,21785,18300,300,3632
"454661949600714",45,4,1,48,45,1,3,0,0,NA,NA,1,2,300,10,0,3142,150860,16600,500,3272
"454661949600715",45,3,1,66,45,1,2,0,0,NA,NA,2,2,48,12,0,1293,46550,0,20950,2064
"454671955500513",45,4,1,42,45,1,1,80,0,NA,0,2,2,100,0,1100,6019,288950,285220,2300,7551
"454671955500514",45,4,1,39,45,1,NA,NA,NA,NA,NA,NA,NA,500,100,0,4028,193365,0,2600,5073
"454681962100513",45,4,2,48,45,1,NA,NA,NA,NA,290,2,2,48,22,0,1090,52339,25000,180,2527
"454681962100514",45,2,2,88,45,1,0,NA,1,260,NA,2,2,45,30,0,348,8364,2160,500,1337
"454681962100515",45,3,1,55,45,1,NA,NA,NA,NA,NA,2,2,24,8,0,1501,54038,0,31550,2414
"454691965701014",45,3,1,54,45,1,1,0,0,1200,434,1,2,100,0,500,1638,58994,50450,0,2607
"454691965701015",45,4,1,52,45,1,2,200,0,NA,NA,2,2,160,0,0,1298,62337,48000,0,6372
"454691965701020",45,5,1,50,45,1,2,7200,0,5000,434,2,2,0,0,2700,1037,62275,11280,5740,4492
"454701970800313",45,3,1,31,45,1,0,NA,1,0,NA,1,1,100,0,0,3745,134850,97400,2000,3184
"454701970800314",45,4,1,66,45,1,6,0,0,NA,NA,1,2,200,50,0,1858,89209,0,60000,4448
"454701970800315",45,5,1,34,45,1,1,50,0,NA,623,2,2,500,0,600,1669,100152,96700,0,4610
"464741974701213",46,5,1,45,46,1,2,25,0,NA,290,2,2,500,15,0,1391,83475,41860,50,1973
"464741974701214",46,3,1,44,46,1,1,160,0,NA,290,2,2,200,50,0,1688,60770,50400,10370,5849
"464741974701215",46,6,1,41,46,1,2,800,0,NA,290,2,2,600,80,0,2374,170940,0,37500,8177
"464741976800713",46,2,1,82,46,1,5,13500,0,NA,NA,2,2,14000,0,0,5382,129170,0,19320,1202
"464741976800714",46,2,1,63,46,1,NA,NA,NA,NA,621,2,2,250,50,0,3268,78450,0,5050,5048
"464741976800715",46,6,1,40,46,1,3,150,0,NA,290,2,2,450,50,450,2676,192730,133850,58210,8359
"464741979201614",46,4,1,52,46,1,NA,NA,NA,NA,290,2,2,250,0,0,5283,253600,246600,5000,8934
"464741979201615",46,4,1,52,46,1,NA,NA,NA,NA,290,2,2,500,60,0,5212,250216,15000,4000,9841
"464761983101213",46,2,1,70,46,1,0,NA,1,6000,621,2,1,1500,200,0,2067,49612,0,1200,1660.5
"464761983101214",46,4,1,58,46,1,0,100,2,6000,621,1,2,10000,0,0,1457,69940,18300,10500,4892
"464761983101215",46,5,1,70,46,1,0,500,1,1400,621,2,2,0,0,0,1565,93910,44650,3900,4129
"464761986402213",46,4,1,42,46,1,1,300,0,NA,621,2,2,2400,100,0,2222,106670,47200,10500,3442
"464761986402214",46,4,1,29,46,1,0,NA,1,1000,290,2,2,0,0,0,2070,99407,96700,1000,3400
"464761986402215",46,2,1,53,46,1,0,140,3,1800,621,1,2,500,0,0,769,18461,0,7000,5808
"464771989700713",46,6,1,40,46,1,4,1000,0,NA,621,2,2,500,30,0,780,56196,5000,8000,3535
"464771989700715",46,2,1,60,46,1,NA,NA,NA,NA,NA,2,2,250,50,0,2128,51074,12800,13500,6836
"464781994200314",46,1,2,78,46,1,NA,NA,NA,NA,NA,2,2,50,0,0,828,9945,0,5180,1029
"464781994200315",46,4,1,33,46,1,0,NA,1,600,289,2,1,50,0,150,2130,102280,92420,50,4808
"464791998101113",46,3,1,56,46,1,3,3000,0,NA,289,2,2,100,500,0,1717,61833,24000,650,3464
"464791998101114",46,5,1,46,46,1,0,NA,1,4900,289,2,2,500,50,1500,2353,141180,117300,18100,8835
"464791998101115",46,4,2,55,46,1,0,NA,1,500,NA,2,2,500,150,250,880,42244,36360,3850,4287
"464802001400213",46,5,1,33,46,1,0,160,1,2000,290,1,2,400,200,1000,1365,81954,40000,9050,5333
"464802001400214",46,4,1,43,46,1,NA,NA,NA,NA,622,2,2,180,10,0,1925,92433,30200,4400,6210
"464802001400215",46,2,1,55,46,1,NA,NA,NA,NA,622,2,2,200,15,0,2668,64042,30900,7050,3675
"464812008900213",46,4,1,39,46,1,5,0,0,NA,NA,1,2,0,0,0,329,15820,2500,1210,939
"464812008900215",46,4,1,36,46,1,3,30,0,NA,NA,1,2,0,0,0,476,22885,3900,500,2539
"464822014301413",46,6,1,53,46,1,2,100,0,500,NA,2,2,180,120,0,1974,142150,130980,4900,6678
"464822014301414",46,3,1,61,46,1,NA,NA,NA,NA,627,2,2,180,50,0,5424,195265,50480,2500,6011
"464822014301415",46,5,1,44,46,1,NA,NA,NA,NA,290,2,2,200,100,0,2375,142506,0,1325,5598
"484912022402613",48,3,1,57,42,1,12,120,0,NA,0,1,2,460,0,0,6477,233200,204700,21500,9557
"484912022402614",48,3,2,40,48,1,8,2000,1,2880,0,1,1,600,50,4500,4711,169600,39200,125650,8589
"484912022402615",48,4,1,51,35,1,1,0,0,NA,289,2,2,60,0,0,3752,180100,178000,2000,6490
"484922024601513",48,2,1,57,48,1,2,900,1,600,NA,1,2,1250,650,2000,9407,225780,209780,14000,12743
"484922024601514",48,4,1,50,48,1,3,70,0,NA,621,2,2,2750,0,0,5495,263770,102100,8250,10318
"484922024601515",48,3,2,51,48,1,NA,NA,NA,NA,290,2,2,850,0,0,15118,544262,449692,94570,9343
"484932027501514",48,3,2,46,48,1,20,250,1,500,290,2,2,2700,70,300,2366,85200,0,1200,7474
"484932027501515",48,6,2,67,49,1,0,50,1,1300,295,1,2,1800,300,1600,3386,243850,241050,1200,20966
"484942028500713",48,5,2,38,48,1,NA,NA,NA,NA,298,2,2,1570,100,0,2170,130221,0,1750,9388
"484952031101713",48,4,1,52,48,1,4,160,0,NA,620,1,2,2000,0,0,2275,109201,91500,3000,6125
"484952031101714",48,6,1,43,48,1,3,15,0,NA,620,2,2,500,20,0,2037,146680,57580,2500,5337
"484952031101715",48,4,1,43,48,1,3,130,0,NA,628,1,2,1050,0,0,1358,65200,60400,4800,5141
"484972032001713",48,2,1,57,48,1,NA,NA,NA,NA,NA,2,2,200,0,0,822,19745,0,16000,2719
"484972032001714",48,2,1,60,48,1,3,410,0,NA,NA,1,2,220,50,0,3409,81830,0,81000,3081
"484972032001715",48,7,1,58,48,1,1,3000,0,NA,625,1,2,630,0,500,2772,232869,216990,7750,5884
"495022035001815",49,5,2,91,49,1,1,0,0,NA,NA,2,2,500,0,0,1066,63980,47500,16480,5993
"495032042500713",49,5,2,73,49,1,2,160,0,NA,290,2,2,570,180,0,2368,142137,117700,15596,12695
"495062050902015",49,3,1,58,49,1,NA,NA,NA,NA,289,2,2,400,150,0,1775,63920,0,5000,3597
"495062054700613",49,3,1,40,49,1,2,200,0,70,625,1,2,180,50,230,3697,133110,88250,570,4263
"495062054700614",49,2,1,64,49,1,1,120,0,NA,625,2,2,75,20,800,2747,65940,0,37650,2887
"495062054700615",49,6,1,46,49,1,NA,NA,NA,NA,NA,2,2,200,200,0,685,49377,45600,3000,2921
"495072057901013",49,1,2,88,49,1,3,100,0,NA,NA,1,2,600,200,0,1025,12300,0,12300,1053
"495072057901014",49,5,2,85,49,1,1,180,0,NA,290,2,2,340,100,0,1562,93730,78900,12400,5073
"495072057901015",49,2,1,97,49,1,2,100,1,430,630,1,1,600,140,1000,1571,37710,0,33660,1454
"495082061100613",49,4,1,51,49,1,1,150,2,400,NA,1,1,740,0,350,1113,53450,43450,5830,1306
"495082061100614",49,4,1,40,49,1,2,1000,1,3000,290,2,2,500,0,300,606,29110,22700,2500,2891
"495082061100615",49,7,1,81,49,1,0,40,1,2000,290,1,1,620,50,380,1391,116891,90000,23500,2124
"495092065101313",49,6,1,64,49,1,0,1200,1,2500,375,1,2,3100,0,1500,3342,240642,75340,24500,12105
"495092065101314",49,5,1,60,49,1,0,250,1,24000,NA,2,1,1500,130,6500,2453,147181,47590,22920,4529
"495092065101315",49,6,1,47,49,1,NA,NA,NA,NA,289,2,2,0,0,0,3197,230250,109080,34000,6052
"495112072201013",49,5,1,29,49,1,NA,NA,NA,NA,NA,2,2,200,0,50,561,33689,15850,660,1154
"495112072201014",49,2,2,54,36,1,1,80,0,NA,NA,2,2,110,0,120,421,10120,0,1470,1662
"495112072201015",49,5,1,50,38,1,1,2000,0,NA,0,2,2,140,0,0,2183,130990,1e+05,4600,3603
"495132079701713",49,1,2,79,49,1,3,360,0,NA,NA,2,2,120,30,0,768,9220,0,2460,1072
"495132079701714",49,1,2,59,49,1,NA,NA,NA,NA,NA,2,2,0,160,0,4805,57661,40800,1210,1523
"495132079701715",49,4,1,45,49,1,NA,NA,NA,NA,NA,2,2,420,40,0,1645,78978,66000,9200,2720
"495132083601313",49,1,2,68,49,1,1,750,0,NA,NA,1,2,420,50,0,699,8392,0,3000,881
"495132083601314",49,6,1,47,49,1,0,NA,1,2100,290,2,2,950,150,0,4937,355468,0,27360,3615
"495142089600813",49,4,1,46,49,1,1,175,0,NA,289,2,2,0,0,0,1770,84985,22500,7500,5459
"495142089600814",49,8,2,76,49,1,0,NA,1,1200,289,2,2,370,0,950,893,85775,17100,30650,6006
"495142089600815",49,3,1,53,49,1,NA,NA,NA,NA,621,2,2,0,0,0,2612,94038,39280,21050,7045
"495172097101213",49,6,1,43,49,1,NA,NA,NA,NA,289,2,2,336,50,0,514,37017,5600,1000,7498
"495172097101214",49,3,1,61,49,1,1,150,0,NA,420,1,2,420,0,0,939,33838,0,20000,5332
"495172097101215",49,4,1,39,49,1,1,200,0,NA,289,2,2,400,20,100,1579,75826,18000,5700,4645
"495182036800713",49,1,2,83,49,1,2,0,0,NA,NA,1,2,1000,0,200,530,6360,0,6160,8260
"495182036800714",49,2,1,79,49,1,2,200,0,NA,NA,NA,NA,250,0,800,932,22374,0,3500,1600
"495182036800715",49,5,2,89,49,1,1,30,0,4200,621,2,2,200,30,1500,1708,102486,82700,4960,6991
"515222102801913",51,6,1,48,51,1,2,150,0,50,290,1,2,900,60,1400,3188,229603,137700,7260,17704
"515222102801914",51,4,1,36,51,1,1,2600,0,NA,290,2,2,600,20,0,2284,109642,48500,1600,9734
"515222102801915",51,5,1,39,51,1,0,NA,1,10000,670,2,2,5000,200,3500,2819,169150,61000,1200,6637
"515242106100113",51,4,1,36,51,1,NA,NA,NA,NA,290,2,2,400,0,0,936,44931,26000,0,3305
"515242106100114",51,4,1,36,51,1,1,50,0,NA,NA,2,2,400,0,0,396,19008,0,0,2416
"515242106100115",51,3,1,33,51,1,2,0,0,NA,NA,1,2,220,0,0,1626,58571,0,0,5208
"515292129800213",51,3,2,51,51,1,NA,NA,NA,NA,NA,2,2,400,75,0,358,12910,8360,865,2592
"515292129800214",51,4,1,64,51,1,1,15,0,NA,0,2,2,240,0,0,358,17225,6710,10245,4316
"515292129800215",51,3,1,33,51,1,1,0,0,NA,NA,2,2,250,20,0,388,14000,8050,1030,2414
"515322137000413",51,3,1,58,51,1,NA,NA,NA,NA,299,2,2,300,40,0,997,35924,0,5000,3369
"515322137000414",51,2,1,49,51,1,1,1300,0,NA,NA,NA,NA,1800,0,0,1661,39868,15800,6890,1528
"515322137000415",51,4,2,37,51,1,1,400,1,50,NA,2,2,110,50,0,1028,49345,30600,0,2557
"515332140900213",51,6,1,51,51,1,5,6300,0,NA,890,2,2,300,0,0,1987,143126,123300,5160,11436
"515332140900214",51,3,1,57,51,1,1,250,0,NA,690,1,2,200,0,0,2056,74048,71880,0,8036
"515332140900215",51,2,2,82,51,1,5,0,0,NA,280,1,2,100,0,0,1202,28861,0,25400,1253
"515332143601913",51,2,1,40,51,1,1,200,0,NA,0,2,2,0,0,0,1631,39160,35600,0,3399
"515332143601914",51,5,1,47,51,1,NA,NA,NA,NA,289,2,2,250,0,0,1577,94640,0,3000,26216
"515332143601915",51,4,1,63,51,1,NA,NA,NA,NA,NA,NA,NA,550,0,0,1971,94614,0,0,7413
"515342146001513",51,4,1,30,51,1,1,300,0,NA,295,2,2,50,0,200,716,34384,31650,200,3135
"515342146001514",51,2,1,67,51,1,2,3860,0,NA,NA,NA,NA,180,0,2000,4520,108484,0,27500,2850
"515342146001515",51,4,1,46,51,1,1,0,0,NA,295,2,2,370,0,0,1813,87052,44400,1700,2753
"515352151400113",51,2,1,58,51,1,1,0,0,NA,NA,1,2,180,0,0,894,21467,0,19868,717
"515352151400114",51,4,2,31,51,1,2,1500,0,NA,NA,2,2,0,0,0,2456,117926,115200,847,3830
"515352151400115",51,4,1,31,51,1,2,1000,0,NA,NA,2,2,50,0,0,2820,135368,118877,769,1905
"525402156502014",52,6,2,51,52,1,1,250,1,2200,621,1,2,1200,700,0,5377,387180,7500,42050,12344
"525402156502015",52,4,2,61,52,1,1,30,1,220,NA,2,2,350,50,0,3942,189230,186180,3050,6514
"525402159201413",52,3,1,39,1,1,3,4000,1,5000,290,2,2,2250,118,0,3469,124900,124000,900,6313
"525402159201414",52,2,1,87,52,1,1,0,1,5000,NA,1,1,12000,400,0,5504,132100,130800,1300,5354
"525402159201415",52,3,2,35,52,1,1,1000,1,2000,290,2,2,200,100,0,10786,388324,61700,650,8903
"525432164301513",52,5,1,46,52,1,5,3500,2,0,NA,2,2,320,0,3000,1548,92928,39280,2820,9880
"525432164301515",52,4,1,36,52,1,2,3000,0,NA,290,2,2,320,50,0,2715,130320,0,850,4340
"525432167001913",52,4,1,43,52,1,2,350,0,NA,622,2,2,548,0,0,3489,167515,86250,81265,8070
"525432167001914",52,5,1,40,52,1,5,2500,0,NA,290,2,2,650,50,0,11916,714990,0,309605,16069
"525432167001915",52,4,1,52,52,1,1,180,0,11500,NA,NA,NA,160,0,850,2941,141180,137900,640,10649
"525442170600713",52,1,1,55,52,1,1,500,0,NA,NA,1,2,350,0,0,2277,27331,0,10140,4026
"525442170600714",52,4,1,52,52,1,3,500,0,NA,290,2,2,350,0,200,1104,53014,8100,2300,3603
"525442170600715",52,2,2,57,52,1,NA,NA,NA,NA,NA,2,2,2400,0,2000,1443,34654,0,18200,602
"525452174800813",52,1,2,70,52,1,1,32,0,NA,NA,1,2,40,0,100,1790,21481,0,21381,1219
"525452174800814",52,2,1,55,52,1,NA,NA,NA,NA,621,2,2,160,0,0,1510,36254,0,5600,2836
"525452174800815",52,3,1,40,52,1,NA,NA,NA,NA,290,2,2,170,0,0,2774,99874,90670,100,3683
"525452178100813",52,2,1,46,52,1,NA,NA,NA,NA,621,2,2,150,30,0,1555,37330,0,10615,5573
"525452178100814",52,1,2,72,52,1,2,660,2,1300,621,2,1,85,0,3200,2013,24159,0,12165,2036
"525452178100815",52,4,1,53,52,1,0,NA,1,1200,145,2,2,185,0,0,1157,55543,32800,5965,3510
"525472182301913",52,4,1,39,52,1,1,40,0,NA,621,2,2,0,0,0,3135,150507,0,100,3509
"525472182301914",52,3,2,44,52,1,5,800,0,NA,621,2,2,300,0,0,1682,60562,26300,2160,2028
"525472182301915",52,1,2,92,52,1,4,500,0,NA,NA,2,2,0,0,0,400,4810,0,4810,376
"525482190101513",52,2,2,63,52,1,3,170,0,NA,621,2,2,200,34,0,4920,118102,43000,700,883
"525482190101514",52,5,1,51,52,1,NA,NA,NA,NA,290,2,2,200,0,0,1619,97171,82500,1500,13715
"525492192500813",52,4,1,48,52,1,NA,NA,NA,NA,290,2,2,480,25,0,2131,102330,23400,5500,7252
"525492192500814",52,3,1,44,52,1,1,5000,0,50000,290,2,2,200,45,10000,2347,84519,49400,7300,6891
"525502195502313",52,5,1,70,52,1,13,800,0,3400,621,2,2,1350,70,2600,1437,86270,46800,740,19294
"525502195502315",52,4,1,46,52,1,2,170,0,NA,621,1,2,300,0,200,770,36980,7280,800,3969
"525502197900513",52,4,1,41,52,1,12,960,0,NA,290,2,2,237,38,0,1624,77970,23150,1540,5010
"525502197900514",52,1,2,76,52,1,9,225,0,NA,621,1,2,1325,0,0,2133,25598,0,21450,1996
"525502197900515",52,4,1,41,52,1,NA,NA,NA,NA,290,2,2,500,0,0,1209,58049,0,490,3058
"545552203301013",54,2,1,79,54,1,1,0,0,NA,NA,1,2,180,30,0,5416,130000,103600,26400,2257
"545552203301014",54,1,2,67,54,1,4,0,0,NA,650,1,2,120,0,0,725,8700,0,1500,1922
"545552203301015",54,4,1,48,37,1,1,0,0,NA,290,2,2,130,20,0,2337,112200,112200,0,6542
"545572205100513",54,4,1,42,54,1,3,3000,1,17000,290,2,2,200,0,6056,2925,140421,0,45300,3428
"545572205100514",54,4,1,34,54,2,3,0,0,NA,290,2,2,1000,0,0,1100,52826,750,0,2349
"545582209000113",54,6,1,46,54,1,1,7000,0,NA,NA,NA,NA,4500,0,0,4677,336805,53600,0,16527
"545582209000114",54,3,2,37,54,1,1,3400,0,NA,298,2,2,180,0,0,1911,68829.5,0,710,6095
"545582209000115",54,2,2,24,54,1,8,3000,0,NA,NA,2,2,120,0,0,833,20000,0,20000,2752
"545592212300313",54,5,1,42,54,1,2,40,0,NA,290,1,2,140,0,0,831,49860,24480,1800,2590
"545592212300314",54,3,1,50,54,1,0,30,1,3500,NA,2,2,140,0,500,1219,43912,9400,1000,3315
"545592212300315",54,5,1,35,54,1,3,0,0,NA,290,2,2,760,0,0,1059,63542,40800,800,2475
"545602216500513",54,3,1,35,54,1,NA,NA,NA,NA,NA,2,2,50,10,0,994,35785,33200,520,2249
"545602216500514",54,5,1,54,42,1,4,40,0,NA,290,2,2,150,30,0,4218,253101,246300,0,92958
"545602216500515",54,2,1,41,42,1,1,15,0,NA,NA,2,2,60,12,0,3300,79200,78900,0,2957
"545612220702713",54,6,2,52,54,1,2,130,0,NA,NA,2,2,350,0,0,1663,119760,0,300,1999
"545612220702714",54,3,1,79,54,1,4,0,0,NA,NA,1,2,150,0,0,801,28840,17400,800,2333
"545612220702715",54,3,1,23,54,1,2,50,0,NA,NA,2,2,100,0,0,1870,67340,0,0,1826
"545622226400413",54,1,2,88,54,1,NA,NA,NA,NA,NA,2,2,300,0,0,1180,14160,0,12160,620
"545622226400414",54,3,1,51,54,1,3,800,0,NA,621,2,2,2000,0,0,3827,137797,55000,0,1143
"545622226400415",54,4,1,28,54,1,1,100,0,NA,290,1,2,150,50,0,935,44917,31500,2000,1865
"545632230600914",54,2,1,86,54,1,4,0,0,NA,621,1,2,0,0,0,2078,49890,1800,42160,2558
"545632230600915",54,4,1,37,54,1,1,400,0,NA,290,2,2,0,0,0,1337,64188,11500,430,4262
"545642224300113",54,1,2,80,54,1,2,0,0,NA,NA,1,2,50,0,0,430,5160,0,5160,1135
"545642224300114",54,3,1,67,54,1,1,0,0,NA,621,1,2,400,20,0,1311,47214,0,1000,2724
"545642224300115",54,4,1,36,54,1,2,360,0,NA,NA,1,2,150,0,0,883,42430,15000,4000,1819
"545642227901213",54,3,1,49,54,1,NA,NA,NA,NA,NA,2,2,320,0,0,1023,36860,0,0,2973
"545642227901214",54,4,2,42,54,1,NA,NA,NA,NA,290,2,2,300,50,0,3150,151229,84000,0,4015
"545642227901215",54,2,1,28,54,1,NA,NA,NA,NA,621,2,2,100,0,0,2227,53450,53450,0,1546
"565682233602813",56,4,2,54,56,1,NA,NA,NA,NA,NA,NA,NA,1220,0,0,2302,110510,56480,50,2518
"565682236301613",56,1,2,76,30,1,2,1100,0,NA,NA,1,2,10800,1090,0,6699,80390,36340,44050,4743
"565682238401613",56,5,1,38,56,1,1,480,0,NA,227,2,2,326,0,0,2240,134450,133250,1200,7621
"565682238401615",56,4,1,38,56,1,NA,NA,NA,NA,227,2,2,266,0,0,2244,107720,35420,1200,5930
"565692241101613",56,2,1,51,52,1,NA,NA,NA,NA,NA,NA,NA,100,0,0,1290,30980,0,8500,2846
"565692241101614",56,2,2,37,56,1,NA,NA,NA,NA,240,2,2,50,0,0,1569,37660,0,1240,2830
"565692241101615",56,4,1,50,40,1,NA,NA,NA,NA,621,2,2,780,0,0,7503,360150,276200,1000,8917
"565692246800113",56,3,1,49,75,1,1,50,0,NA,228,2,2,400,50,0,5673,204250,0,1500,5074
"565692246800114",56,2,1,48,56,1,NA,NA,NA,NA,NA,NA,NA,400,0,0,3904,93700,0,1000,3066
"565692246800115",56,1,2,84,49,1,NA,NA,NA,NA,NA,2,2,300,0,0,445,5340,0,5340,594
"565702245300513",56,2,1,79,40,1,2,0,1,1200,621,1,2,1250,320,2800,2509,60236,0,57436,4775
"565702245300514",56,4,1,45,77,1,1,250,0,NA,228,2,2,750,120,0,2963,142265,123720,550,5813
"565702245300515",56,4,1,35,56,1,1,0,0,NA,228,1,2,470,250,0,2964,142290,126400,3400,6713
"565712249800913",56,7,1,57,56,1,3,10,0,NA,228,2,2,100,10,0,1516,127360,47500,40500,4994
"565712249800914",56,4,1,41,56,1,2,600,0,NA,228,2,2,400,10,0,1258,60407,44500,350,4987
"565712249800915",56,4,2,70,56,1,2,500,0,NA,228,2,2,350,0,0,1190,57167,33500,16850,4568
"565722256400213",56,5,1,41,56,1,2,300,0,NA,NA,NA,NA,1300,20,0,1815,108950,108900,50,5806
"565722256400214",56,2,1,67,56,1,NA,NA,NA,NA,621,2,2,260,60,0,1537,36890,0,4100,2966
"565722256400215",56,4,1,28,56,1,NA,NA,NA,NA,NA,2,2,210,65,0,1282,61580,58200,1420,5103
"565722259700713",56,4,1,39,56,1,NA,NA,NA,NA,208,2,2,245,45,0,1394,66945,18000,1600,6190
"565722259700714",56,6,2,61,56,1,2,30,0,NA,621,1,2,700,10,0,1187,85467,74500,50,5459
"565722259700715",56,5,1,49,56,1,3,0,0,NA,621,2,2,1300,40,0,1713,102792,98500,50,4662
"565742266600313",56,4,1,41,56,1,NA,NA,NA,NA,228,2,2,400,70,0,2210,106110,53750,50,5789
"565742266600315",56,6,2,74,56,1,1,20,0,NA,228,1,2,3000,0,0,1308,94234,24000,50,6482
"585822274401814",58,4,2,36,58,1,2,0,0,0,289,2,2,350,0,0,1692,81220,75320,3400,5696
"585822274401815",58,5,1,38,58,1,2,200,0,NA,289,2,2,600,20,0,1220,73200,0,1200,6050
"585822276501313",58,4,1,37,58,1,3,650,0,NA,621,2,2,320,20,0,1724,82780,82220,500,5716
"585842278300315",58,6,1,34,58,1,2,80,0,NA,NA,2,2,550,0,0,843,60767,2880,70,6399
"585852281900114",58,2,2,62,45,1,NA,NA,NA,NA,NA,2,2,150,0,0,1166,28000,21840,6160,1313
"585852281900115",58,4,1,37,45,1,4,1600,0,50,NA,2,2,400,0,0,1196,57415,0,1200,3097
"585862285200714",58,3,1,39,58,1,2,1600,0,NA,620,2,2,100,0,0,2337,84150,57600,1350,4243
"585872287004513",58,6,1,43,58,1,1,900,0,NA,625,2,2,780,0,0,1283,92442,0,200,9589
"585872288801113",58,3,1,37,58,1,0,NA,1,15000,290,2,2,35000,180,1000,2362,85049,76400,5000,4366
"585872288801114",58,2,1,46,58,1,3,500,0,NA,NA,NA,NA,1500,0,0,1680,40330,36000,4000,5587
"585882285600514",58,4,1,47,58,1,2,600,0,20000,290,2,2,400,30,500,2163,103840,92000,200,2068
"605932292701213",60,6,1,44,60,1,4,700,0,NA,290,2,2,500,500,0,1335,96160,93400,2760,4337
"605932292701215",60,4,1,57,60,1,12,450,0,NA,NA,1,2,450,50,0,3201,153650,42000,51210,5000
"605932296600713",60,2,2,54,60,1,5,120,0,2000,NA,NA,NA,300,100,500,2255,54140,48540,5000,4268
"605932296600715",60,4,1,38,60,1,NA,NA,NA,NA,625,2,2,650,250,0,2708,130010,21600,1000,8381.5
"605952297203314",60,7,1,81,60,1,2,10,0,NA,NA,2,2,1300,40,0,1269,106620,101100,5520,7621
"605952297203315",60,4,1,48,60,1,2,80,0,NA,NA,NA,NA,450,0,0,2691,129200,74000,1300,8290
"605962300502013",60,4,1,57,60,1,2,2000,0,4500,620,1,1,500,0,2000,2081,99912,71000,5000,8616
"605962300502014",60,4,1,42,60,1,NA,NA,NA,NA,300,2,2,300,0,0,1769,84950,0,36000,4675
"605962300502015",60,3,1,44,60,1,NA,NA,NA,NA,300,2,2,350,0,0,3295,118645,68000,1200,5961
"605962304700313",60,3,1,43,51,1,1,600,0,NA,700,1,2,80,120,0,3897,140300,132300,8000,5548
"605962304700314",60,1,2,84,51,1,1,0,0,NA,NA,2,2,50,50,500,488,5860,0,5360,534
"605962304700315",60,4,1,37,51,1,1,0,0,NA,295,2,2,50,80,0,1779,85400,58600,800,4599
"605972307700313",60,2,1,77,60,1,5,600,0,NA,NA,NA,NA,400,100,0,849,20390,0,4500,1820
"605972307700314",60,2,2,71,60,1,3,150,0,NA,NA,1,2,150,80,0,900,21600,0,17050,1728
"605972310100913",60,4,1,37,60,1,3,400,0,NA,290,2,2,300,0,2000,4522,217100,154400,3000,8263
"605972310100914",60,4,1,47,60,1,1,1800,0,NA,390,2,2,500,0,0,1437,69000,0,1000,6796
"605972310100915",60,5,2,64,60,1,1,0,0,NA,NA,1,2,400,0,1000,1650,99000,75000,3000,6748
"605982314600613",60,3,1,52,60,1,NA,NA,NA,NA,NA,NA,NA,200,0,0,4597,165500,0,500,3148
"605982314600614",60,4,1,34,60,1,2,2000,0,NA,290,2,2,2000,0,0,2650,127200,0,1000,4624
"605982314600615",60,4,2,59,60,1,NA,NA,NA,NA,289,2,2,300,0,0,1122,53900,50400,3500,3693
"605992318500813",60,4,1,43,2,1,1,0,0,NA,NA,1,2,3000,200,0,2870,137789,43350,3200,3647
"605992318500814",60,2,2,60,60,1,1,70,0,NA,NA,NA,NA,400,30,0,2438,58520,0,2350,3773
"605992318500815",60,2,1,52,24,1,1,45,0,NA,NA,1,2,500,80,0,2342,56212,18300,600,3743
"606002321200713",60,2,1,84,44,1,5,0,0,NA,NA,1,2,270,0,0,730,17520,0,14370,2907
"606002321200714",60,3,1,50,44,1,1,100,0,NA,625,1,2,300,0,0,842,30320,0,100,5852
"606002321200715",60,4,2,67,44,1,3,100,0,NA,170,1,2,50,10,0,2502,120120,18000,1050,3860
"606012325401113",60,4,1,50,60,1,3,6000,1,3500,621,2,2,1500,300,300,2745,131760,70500,6600,4308
"606012325401114",60,4,1,50,60,1,1,180,0,850,NA,1,2,160,80,200,1366,65580,50100,6300,2002
"626082329001113",62,4,2,67,62,1,1,30,0,NA,NA,1,2,360,90,0,3789,181900,151000,12000,5542
"626082329001114",62,2,1,54,46,1,NA,NA,NA,NA,NA,2,2,600,40,0,7158,171800,167800,4000,6299
"626082329001115",62,4,1,44,36,1,NA,NA,NA,NA,290,2,2,400,40,0,3068,147300,146400,900,9533
"626102335301013",62,4,1,31,62,1,1,0,0,NA,NA,1,2,280,40,0,1136,54550,36400,1310,3233
"626102335301014",62,5,1,61,62,1,2,20,0,NA,NA,2,2,130,0,0,1494,89640,66000,240,3087
"626102335301015",62,4,1,31,62,1,5,2000,0,NA,NA,2,2,0,0,0,790,37943,25500,320,3332
"626112337700613",62,2,1,62,38,1,1,70,0,NA,NA,NA,NA,140,0,0,1600,38400,0,5000,2759
"626112337700614",62,4,1,46,42,1,1,70,0,300,360,2,2,50,0,0,2889,138700,137200,1500,10353
"626112337700615",62,7,1,60,62,1,NA,NA,NA,NA,NA,2,2,0,0,0,1583,133000,85600,1000,3132
"626142348800213",62,4,1,46,51,1,NA,NA,NA,NA,NA,2,2,500,0,0,1848,88724,18200,15300,6654
"626142348800214",62,5,1,42,62,1,0,NA,2,950,NA,2,2,300,0,100,708,42492,7500,450,2854
"626142348800215",62,3,1,52,62,1,5,500,0,NA,NA,2,2,700,0,0,1210,43594,18560,1800,1979
"626152351500213",62,4,1,33,62,1,1,0,0,NA,NA,2,2,0,0,0,777,37332,14500,350,2471
"626152351500214",62,4,1,52,62,1,NA,NA,NA,NA,NA,2,2,93,0,0,1010,48507,13650,195,2668
"626172340400613",62,3,1,29,62,1,NA,NA,NA,NA,NA,2,2,0,0,0,601,21656,0,5260,2774
"626172340400614",62,3,1,58,62,1,NA,NA,NA,NA,NA,2,2,0,0,0,781,28125,0,5650,1715
"626172340400615",62,4,1,27,62,1,1,20,0,NA,NA,1,2,0,0,0,510,24520,2000,5000,1709
"646222356601813",64,3,1,54,25,1,3,455,0,NA,289,2,2,150,0,0,3481,125320,64600,1600,3376
"646222356601814",64,5,2,84,52,1,2,190,0,93000,289,1,1,680,0,67000,3728,223720,135050,21460,6615
"646222356601815",64,4,1,48,64,1,0,290,1,15000,289,2,2,216,0,2000,6971,334615,0,4200,8660
"646222358200513",64,5,1,42,40,1,1,90,0,NA,290,2,2,1070,0,0,1393,83583,74000,6450,5778
"646222358200514",64,4,1,33,40,1,1,50,1,100,NA,2,2,0,0,0,2244,107750,105200,2550,7409
"646222358200515",64,4,1,43,64,1,1,250,0,NA,290,2,2,0,0,0,4363,209450,207300,2150,7270
"646232362000513",64,3,1,62,52,1,5,250,0,NA,620,2,2,450,120,250,2900,104420,30000,50,7438
"646232362000514",64,5,2,36,64,1,NA,NA,NA,NA,220,2,2,600,50,0,2765,165900,165850,50,12065
"646232362000515",64,2,1,48,64,1,NA,NA,NA,NA,NA,NA,NA,250,50,0,2293,55050,50000,5050,4923
"646252366200613",64,6,1,39,51,1,1,40,0,360,290,2,2,1600,150,0,1778,128053,0,1750,4058
"646252366200614",64,4,1,25,64,1,1,30,0,NA,NA,1,2,600,70,0,944,45350,41800,3550,2116
"646262370700813",64,3,2,50,64,1,NA,NA,NA,NA,NA,NA,NA,175,0,0,2449,88184,18850,50,2112
"646262370700814",64,5,1,49,64,1,1,100,0,NA,NA,NA,NA,120,0,0,1732,103976,8160,15150,1273
"646262370700815",64,6,1,35,64,1,1,0,0,NA,NA,2,2,200,0,0,323,23325,14400,50,2274
"646282376400813",64,4,1,46,64,1,1,420,0,NA,290,2,2,270,0,450,2472,118688,29550,850,4059
"646282376400814",64,2,1,65,33,1,0,NA,1,0,NA,2,1,257,0,320,2389,57352,0,830,2310
"646282376400815",64,1,1,82,64,1,0,NA,1,210,NA,2,1,60,0,350,350,4210,0,3860,1335
"646292381500613",64,8,1,41,64,1,NA,NA,NA,NA,NA,2,2,0,0,0,446,42905,4950,280,5838
"646292381500614",64,4,1,50,64,1,1,0,0,NA,NA,2,2,0,0,0,632,30373,3670,400,3293
"646292381500615",64,3,1,26,64,1,1,0,0,NA,NA,1,2,170,0,0,425,15335,5870,350,2869
"646322388800313",64,5,2,59,64,1,0,0,1,2200,NA,2,2,300,0,1370,852,51160,13500,485,1084
"646322388800315",64,2,2,54,64,1,NA,NA,NA,NA,NA,2,2,0,0,0,393,9450,9000,130,444
"646332394401413",64,7,1,37,64,1,NA,NA,NA,NA,NA,2,2,510,0,0,664,55795,18600,50,4521
"646332394401414",64,1,1,25,64,1,NA,NA,NA,NA,NA,2,2,175,0,0,1220,14650,13800,850,2244
"646332394401415",64,4,1,25,64,1,NA,NA,NA,NA,290,2,2,180,70,0,658,31625,0,50,5147
"646372410301113",64,5,2,32,64,1,0,50,1,300,NA,2,2,600,0,0,379,22753,4800,835,1193
"646372410301114",64,3,1,27,64,1,NA,NA,NA,NA,NA,2,2,200,0,0,582,20961,13300,555,1681.5
"646372410301115",64,4,2,43,64,1,2,0,0,NA,NA,1,2,150,0,60,319,15352,8500,1985,1971
"666432411801613",66,6,1,51,46,1,12,1080,0,NA,290,1,2,600,60,0,1940,139710,36300,580,13792
"666432414501414",66,5,2,48,66,1,1,190,0,NA,290,2,2,1800,250,0,937,56260,0,15360,3189
"666432414501415",66,4,2,42,31,1,2,70,0,NA,290,2,2,350,40,0,3145,151000,90700,3200,13491
"666432416602713",66,6,1,42,31,1,3,800,0,NA,290,2,2,70,0,0,1806,130100,129600,500,3094
"666432416602714",66,2,2,53,66,1,10,1200,0,NA,621,1,2,600,30,0,2084,50032,18200,250,1759
"666432416602715",66,4,1,33,66,1,1,70,0,NA,290,2,2,450,0,0,1738,83450,0,1300,6098
"666442434000114",66,3,1,43,42,1,2,0,0,NA,290,1,2,200,60,0,4195,151025,0,1300,4700
"666442434000115",66,5,1,46,42,1,3,0,0,NA,290,2,2,180,80,150,1020,61246,37200,500,3351
"666452420501913",66,4,1,34,66,1,NA,NA,NA,NA,NA,2,2,350,25,0,357,17180,2400,100,4439
"666452420501914",66,4,1,35,66,1,NA,NA,NA,NA,NA,2,2,310,0,0,3610,173280,51900,500,8980
"666452420501915",66,3,2,39,66,1,0,NA,1,6200,NA,2,2,315,15,4200,1590,57268,0,150,5487
"666472424401013",66,4,1,39,52,1,1,2000,0,NA,632,2,2,500,0,0,2770,132980,67750,1500,4856
"666472424401014",66,5,1,45,14,1,0,200,1,15000,620,2,2,300,15,500,2433,146030,0,300,6663
"666472424401015",66,4,2,37,34,1,1,300,0,NA,290,2,2,200,20,0,6556,314700,301200,13500,6041
"666482428000713",66,5,1,45,44,1,1,250,0,NA,289,2,2,300,0,0,1382,82945,60000,300,6750
"666482428000714",66,6,1,37,66,1,1,0,0,NA,289,2,2,380,0,0,1318,94932,48200,650,4186
"666482428000715",66,5,1,36,38,1,0,0,1,12000,289,2,2,300,0,0,916,54990,0,280,3180
"666502434902214",66,2,1,65,42,1,NA,NA,NA,NA,NA,2,2,10000,0,0,6656,159756,0,32800,2978
"666512437601713",66,4,1,34,38,1,NA,NA,NA,NA,290,2,2,500,50,0,1759,84434,1200,200,5537
"666512437601714",66,4,1,43,42,1,NA,NA,NA,NA,290,2,2,2000,0,0,1066,51179,25000,150,6012
"666512437601715",66,2,1,61,27,1,1,0,0,NA,NA,1,2,4000,0,0,6820,163697,6000,1800,3399
"666522441800214",66,2,1,36,19,1,2,2600,0,NA,0,2,2,4800,0,1800,3473,83367,72000,50,2088
"666522441800215",66,2,1,48,26,1,2,1500,0,NA,NA,NA,NA,300,20,0,3217,77223,0,1050,3060
"666542449002313",66,5,2,51,49,1,1,100,1,300,NA,NA,NA,350,0,0,1342,80525,33200,250,11046
"666542449002314",66,2,1,62,42,1,1,300,0,NA,NA,1,2,4300,40,0,3692,88625,56400,21600,4254
"666542450803213",66,7,1,56,66,1,2,10,1,80,NA,2,2,1200,0,0,1558,130900,5750,2310,7086
"666552455900813",66,4,1,48,34,1,NA,NA,NA,NA,NA,NA,NA,300,50,0,4594,220534,22500,450,3897
"666552455900814",66,5,1,54,34,1,3,220,0,NA,290,2,2,1550,100,0,1936,116170,35200,1025,5212
"666552455900815",66,4,1,50,34,1,2,100,0,NA,620,2,2,3500,150,0,3216,154380,23300,475,4171
"666572454401414",66,4,1,56,66,1,2,300,0,NA,NA,2,2,180,60,0,2005,96271,52608,250,2543
"666572454401415",66,4,1,38,66,1,2,680,1,495,290,2,2,800,0,0,674,32388,10800,250,1845
"676612462200714",67,5,1,37,36,1,0,NA,1,500,NA,2,1,550,0,0,311,18700,0,0,2722
"676612462200715",67,7,1,42,67,1,0,NA,3,40000,NA,2,1,350,0,0,924,77650,28350,0,3200
"676622464600913",67,8,1,53,20,1,0,500,2,12000,NA,1,2,1000,0,0,1040,99882,0,1500,4981
"676622464600914",67,5,1,47,38,1,2,300,3,600,NA,2,2,535,148,2400,425,25510,0,1720,1120
"676622465800713",67,3,1,52,4,1,10,300,0,600,NA,2,2,300,0,0,660,23794,9000,1500,3131
"676622465800714",67,6,1,52,4,1,1,2000,0,NA,NA,2,2,250,0,0,599,43143,16500,700,4783
"676632467600213",67,7,1,46,40,1,4,100,0,10000,621,1,1,7000,150,1500,2194,184347,30000,2000,9060
"676632467600215",67,2,1,46,40,1,1,2800,0,180,600,1,1,300,3600,0,5851,140438,0,17500,4830
"676642469100713",67,2,1,59,49,1,3,360,0,NA,620,1,2,500,0,0,2524,60593,0,2000,929
"676642469100714",67,4,1,32,40,1,NA,NA,NA,NA,NA,2,2,1000,0,0,1176,56470,4500,500,2793
"676652472100813",67,3,1,66,36,1,2,3000,0,NA,NA,1,2,1200,200,0,372,13400,0,0,3968
"676652472100815",67,3,1,47,36,1,5,300,0,NA,0,1,2,5700,30,2000,391,14095,2500,3000,3411
"676662473300913",67,5,1,60,30,1,NA,NA,NA,NA,290,2,2,900,0,0,1413,84800,0,0,2431
"676662473300914",67,4,1,52,79,1,1,500,0,NA,290,1,2,500,0,0,1752,84110,0,0,10053
"686722477204213",68,3,1,51,35,1,NA,NA,NA,NA,289,2,2,400,0,0,4768,171670,167500,4050,5388
"686722477204214",68,4,2,41,68,1,3,620,0,NA,289,2,2,520,310,0,3940,189160,178210,10950,6210
"686722479000113",68,5,1,39,68,1,3,900,0,NA,289,2,2,520,0,0,2339,140355,0,8050,4778
"686722479000114",68,5,1,43,68,1,NA,NA,NA,NA,290,2,2,200,0,0,2577,154676,0,3050,6517.5
"686732481403313",68,4,1,47,68,2,NA,NA,NA,NA,635,2,2,1000,0,0,5854,281010,0,1000,3768
"686732481403314",68,4,1,38,68,1,1,2500,0,NA,620,2,2,3600,0,0,5557,266740,0,55000,22806
"686732481403315",68,3,1,50,68,1,1,2000,0,NA,NA,NA,NA,500,0,0,2264,81510,0,70,5121
"686732483800813",68,5,1,45,68,1,1,1130,0,NA,290,2,2,1000,0,0,3522,211324,0,12000,8643
"686732483800814",68,1,2,72,38,1,1,10000,0,NA,630,2,2,300,0,17600,2348,28180,0,6200,753
"686762487102713",68,4,1,44,51,1,3,650,0,NA,290,1,2,500,80,0,3719,178545,0,550,4101
"686762487102714",68,3,1,59,51,1,12,4200,0,NA,621,2,2,1300,0,0,2046,73675,0,2800,2367
"686762487102715",68,4,1,31,68,1,3,450,0,7500,290,1,2,1100,150,1200,1444,69330,0,1570,3733
"686762491601513",68,2,1,48,38,1,2,2000,0,NA,621,1,2,1000,100,0,3420,82100,0,550,2211
"686762491601514",68,4,2,49,25,1,1,100,1,980,621,1,1,450,50,0,3180,152648,7560,440,4455
"686772495201913",68,5,1,51,68,1,1,50,1,200,NA,1,1,0,0,2000,1688,101310,54700,70,2559
"686772495201914",68,4,1,55,68,1,2,20,0,NA,NA,2,2,100,20,0,2326,111680,8100,25070,3517
"686772495201915",68,5,2,36,68,1,3,0,0,NA,NA,2,2,250,50,0,852,51147,39600,450,3191
"686782498202213",68,5,1,54,68,1,2,0,0,NA,NA,2,2,300,0,400,947,56830,15600,600,3649
"686782498202214",68,4,1,44,40,1,9,0,0,NA,290,1,2,380,0,600,1993,95710,62600,5850,6308
"686782498202215",68,5,1,48,68,1,NA,NA,NA,NA,NA,2,2,600,50,0,1765,105900,0,1250,3613
"686792501500614",68,4,1,49,68,1,4,0,0,NA,NA,2,2,800,0,0,1091,52410,24000,370,4567
"686802505700214",68,9,1,57,2,1,2,40,0,1200,NA,2,2,550,70,0,650,70244,41500,3050,4329
"686802505700215",68,4,1,34,2,1,NA,NA,NA,NA,NA,2,2,500,0,0,501,24080,18800,70,3595
"686812509600313",68,4,1,32,68,1,2,160,0,NA,290,1,2,420,80,0,917,44040,0,150,2900
"686812509600314",68,4,1,47,60,1,1,170,0,NA,290,2,2,420,60,0,1435,68884,8000,1880,2711
"686812509600315",68,6,1,37,51,1,2,600,0,NA,20,1,2,4900,60,2000,1033,74430,70000,2430,5135
"686822515600513",68,2,2,72,36,1,1,1500,1,4800,NA,1,1,790,100,2500,1625,39001,4800,2750,2316
"686822515600519",68,2,1,45,36,1,12,276,0,NA,621,1,2,200,20,0,1218,29245,0,650,3443
"706882521700713",70,4,1,46,64,1,2,70,0,2000,610,1,2,100,300,0,6744,323750,36000,50,4948
"706892520701113",70,4,1,55,45,1,5,750,1,5000,625,2,2,300,100,0,3979,191000,42000,150,4823
"706892520701115",70,4,1,35,44,1,2,3000,0,NA,269,1,2,200,100,0,2865,137550,0,550,9933
"706902533602013",70,4,1,51,30,1,NA,NA,NA,NA,290,2,2,450,50,0,1939,93105,70000,50,3680
"706902533602014",70,3,2,48,70,1,NA,NA,NA,NA,NA,2,2,0,0,0,434,15650,14000,1650,2802
"706902533602015",70,3,1,53,91,1,NA,NA,NA,NA,640,2,2,250,300,0,3429,123475,44500,2050,3491
"706922529400814",70,1,2,72,45,1,1,200,0,NA,NA,1,1,300,0,0,3283,39400,0,37000,1491
"706942534202113",70,4,2,64,72,1,1,50,0,NA,290,2,2,200,0,0,2075,99640,0,25640,5354
"706942534202114",70,4,1,61,44,1,NA,NA,NA,NA,NA,2,2,300,10,0,449,21580,15400,1050,1936
"706942534202115",70,2,1,77,45,1,NA,NA,NA,NA,NA,NA,NA,150,0,0,518,12450,8800,3650,1155
"706952536301613",70,2,1,55,34,1,2,600,0,0,NA,1,1,250,130,3600,3356,80550,57200,50,4382
"706952536301614",70,7,1,57,34,1,2,350,0,0,610,2,2,380,0,0,3694,310350,0,17000,7269
"706952536301615",70,4,1,42,34,1,2,120,0,NA,289,2,2,430,0,0,2904,139400,0,250,7325
"706962539802013",70,4,1,65,46,1,NA,NA,NA,NA,NA,2,2,1600,0,0,1594,76550,64000,12550,4199
"706962539802014",70,2,1,70,70,1,NA,NA,NA,NA,NA,2,2,400,50,0,348,8360,5400,2960,1945
"706962541702413",70,4,1,48,27,1,NA,NA,NA,NA,292,2,2,1500,0,0,5005,240250,73700,1050,16345
"706962541702414",70,4,1,54,51,1,4,15000,2,10000,NA,2,2,500,100,0,497,23900,23800,100,3720
"727032546502613",72,5,2,57,72,1,NA,NA,NA,NA,359,2,2,700,0,0,2337,140270,112200,70,2088
"727032546502614",72,5,2,53,72,1,NA,NA,NA,NA,359,2,2,900,0,0,2801,168070,127300,70,4645
"727032546502619",72,4,2,51,72,1,NA,NA,NA,NA,359,2,2,800,0,0,2628,126170,0,70,3908
"727052549200113",72,3,1,38,72,1,NA,NA,NA,NA,290,2,2,200,0,0,1006,36250,34500,1750,3447
"727052549200114",72,4,2,67,72,1,1,50,0,NA,NA,NA,NA,350,0,0,1281,61500,51800,6550,2627
"727052549200115",72,3,1,53,72,1,1,350,0,NA,290,2,2,300,0,0,2463,88700,0,1250,3578
"727062552501113",72,4,1,32,74,1,3,340,0,NA,290,2,2,300,0,0,3722,178700,0,6000,4616
"727062552501114",72,4,2,48,72,1,1,500,0,NA,NA,1,2,300,0,0,2203,105750,84900,2050,2718
"727062552501115",72,4,1,34,72,1,NA,NA,NA,NA,NA,2,2,360,0,0,2873,137930,121040,2500,3530
"727072555800714",72,2,2,59,72,1,NA,NA,NA,NA,NA,2,2,600,150,0,1270,30482,24516,4070,1412
"727072555800715",72,3,1,45,72,1,NA,NA,NA,NA,NA,2,2,600,400,0,2446,88070,88000,70,2106
"727072555800719",72,3,1,44,72,1,2,1300,0,NA,NA,1,2,1000,500,0,4923,177260,0,70,3194
"727082558501013",72,4,1,61,48,1,2,40,0,NA,NA,1,2,250,0,0,3598,172710,30500,2050,3350
"727082558501014",72,2,2,59,79,1,4,280,0,NA,NA,NA,NA,150,0,0,3533,84810,0,1050,2612
"727082558501015",72,5,1,44,72,1,2,120,0,NA,290,2,2,150,0,0,2459,147560,0,3500,6141
"727082561800713",72,4,1,40,72,1,4,800,0,NA,570,2,2,1000,0,0,1726,82848,82490,70,1568
"727082561800714",72,5,2,33,72,1,1,500,0,NA,NA,NA,NA,800,0,0,1301,78070,78000,70,3085
"727092563900613",72,5,1,50,72,1,2,500,0,NA,NA,NA,NA,1500,0,0,2399,143958,141600,50,6105
"727092563900614",72,3,1,58,72,1,1,1500,0,NA,621,2,2,800,0,0,2842,102330,45000,10070,1973
"727092563900620",72,4,1,42,72,1,NA,NA,NA,NA,290,2,2,1500,0,0,1746,83850,69000,0,3358
"727102565701813",72,4,1,47,72,1,5,900,0,NA,NA,1,2,100,50,0,2203,105748,0,5000,7802
"727102565701814",72,5,1,71,72,1,3,40,0,NA,621,2,2,800,0,0,1398,83900,41900,5000,7606
"727102565701815",72,4,1,48,72,1,0,650,1,4000,621,2,2,1000,30,500,2150,103200,74400,10000,2555
"727102566900613",72,1,1,81,72,1,1,200,0,NA,NA,1,2,300,0,2000,1700,20400,2400,16000,858
"727102566900614",72,5,1,48,72,1,1,50,0,NA,490,1,2,1200,0,0,1711,102700,101700,1000,2935
"727102566900619",72,1,1,50,72,1,1,1550,0,NA,NA,1,2,500,20,0,6548,78580,74000,3050,832
"727112569300914",72,1,1,84,72,1,6,100,0,NA,NA,1,2,200,0,0,2866,34400,0,4000,4946
"727112569300915",72,6,1,64,72,1,6,4800,1,8000,620,2,2,3600,0,0,985,70920,0,6000,5904
"727112569300920",72,4,1,40,72,1,NA,NA,NA,NA,290,2,2,900,0,0,1917,92040,0,100,3523
"727122572900313",72,2,1,57,72,1,2,300,0,NA,NA,NA,NA,600,0,0,3438,82530,0,21000,3083
"727122572900315",72,3,1,36,72,1,2,370,0,NA,621,2,2,100,20,0,4549,163795,56100,1150,9487
"727122572900319",72,4,1,49,72,1,1,70,0,NA,490,1,2,1400,0,0,1464,70300,37800,400,2358
"747182575603414",74,3,2,58,74,1,3,140,0,NA,621,1,2,230,420,0,2377,85580,0,85580,4475
"747182575603415",74,4,1,44,74,1,2,220,0,NA,435,1,2,375,280,0,2982,143150,30400,2800,3993
"747182577100313",74,4,1,34,74,1,3,100,0,NA,NA,1,2,275,160,0,2268,108890,53000,15000,2922
"747182577100314",74,3,1,50,74,1,2,100,0,NA,621,1,2,340,180,0,2723,98060,81500,16560,5982
"747182577100315",74,2,1,34,38,3,2,150,0,NA,NA,2,2,320,155,0,5866,140800,139000,1800,3580
"747202579500113",74,3,1,48,38,1,1,120,0,NA,620,1,2,150,0,0,4098,147532,49352,400,3162
"747212584000314",74,5,1,34,74,1,2,130,0,NA,290,2,2,1570,120,0,3267,196060,194860,1200,7221
"747212584000315",74,6,2,62,84,1,3,50,0,620,290,1,2,260,50,8200,1365,98350,71900,18250,6977
"747222585800213",74,4,1,47,45,1,4,11000,0,NA,290,2,2,650,65,0,3313,159070,36100,6380,5258
"747222585800219",74,4,1,74,45,1,3,200,0,15000,625,1,2,525,45,0,1822,87470,78250,2300,2811
"747222588200713",74,4,1,64,37,1,2,500,0,NA,290,2,2,650,115,0,3394,162930,58900,1250,6587
"747222588200715",74,4,1,34,74,1,1,400,0,NA,290,2,2,750,60,0,2433,116797,80700,2550,3172
"747222588200719",74,5,1,55,74,1,12,15000,0,NA,625,2,2,430,55,0,7877,472660,0,12100,4260
"747232592001513",74,4,1,34,74,1,5,340,0,NA,290,2,2,317,0,300,2692,129225,125300,700,6669
"747232592001515",74,4,1,40,74,1,2,170,0,NA,290,1,2,80,20,0,4831,231915,18140,2100,6643
"747232593903513",74,5,2,51,74,1,1,150,0,NA,NA,2,2,712,0,0,7313,438780,169400,5580,9461
"747232593903514",74,4,1,47,74,1,1,450,0,NA,NA,2,2,556,42,0,3358,161190,96000,500,4987
"747252596304314",74,4,1,55,74,1,1,200,0,NA,680,2,2,2400,0,0,6652,319300,307300,12000,12452
"757312599905313",75,4,1,63,68,1,5,600,0,NA,625,1,2,382,146,0,2586,124130,16580,15650,9581
"757312599905314",75,4,2,48,75,1,2,1216,0,NA,NA,2,2,495,160,0,5732,275170,141100,5750,10362
"757312601101314",75,6,2,59,75,1,2,120,0,NA,NA,2,2,650,70,0,6669,480200,472300,2500,9914
"757312601101315",75,2,1,50,75,1,12,680,0,NA,625,1,2,150,0,0,4750,114000,71000,32800,5798
"757312602302213",75,4,2,49,75,1,4,4500,0,NA,290,2,2,1500,0,0,3014,144680,104280,2000,8083
"757312602302215",75,4,1,65,75,1,24,3000,1,20000,620,1,1,3000,0,0,3362,161400,0,105600,4389
"757312604102614",75,3,2,56,48,1,NA,NA,NA,NA,621,2,2,800,100,0,4418,159050,120600,300,1521
"757312604102615",75,5,1,42,75,1,NA,NA,NA,NA,290,2,2,900,100,0,2563,153800,110800,400,7127
"757312637702113",75,3,1,35,44,1,2,250,0,NA,NA,2,2,350,30,0,5005,180200,174200,6000,9597
"757312637702114",75,4,1,35,30,1,2,600,0,NA,290,2,2,320,40,0,3354,161000,160200,800,6733
"757312637702115",75,4,1,35,34,1,2,0,0,NA,0,2,2,250,40,0,2347,112700,112200,400,5742
"757322610404713",75,3,1,57,75,1,2,100,0,NA,620,1,2,500,0,0,5811,209200,45600,5000,5032
"757322610404714",75,4,1,38,75,1,NA,NA,NA,NA,300,2,2,500,100,0,2919,140150,62500,750,9247
"757342614301213",75,4,1,45,62,1,3,260,0,NA,380,1,2,130,50,0,3253,156190,88400,8000,4764
"757342614301214",75,6,1,39,34,1,1,3000,0,8000,NA,NA,NA,485,85,1500,2115,152294,0,1360,6705
"757342614301215",75,2,2,61,37,1,3,400,0,NA,NA,NA,NA,180,0,0,1672,40150,11800,28000,951
"757352618202813",75,3,1,61,36,1,NA,NA,NA,NA,NA,2,2,350,0,0,4279,154060,23250,6000,3504
"757352618202815",75,7,1,40,34,1,1,500,0,NA,290,2,2,10000,0,0,2753,231310,0,1500,10560
"757362621801513",75,5,2,62,22,1,NA,NA,NA,NA,NA,2,2,400,0,0,2819,169193,0,10673,3944
"757362621801514",75,3,2,52,87,1,12,120,0,NA,290,2,2,300,0,0,4612,166060,151150,3130,8474
"757362624500513",75,4,2,64,38,1,18,1404,0,12500,621,1,1,360,1600,18000,3620,173797,82500,50050,7733
"757362624500515",75,3,1,44,99,1,5,850,0,NA,290,2,2,2640,60,0,5399,194365,0,50,12040
"757372627201813",75,3,1,58,75,2,2,150,0,NA,0,2,2,1000,50,0,4423,159241,123240,2071,3021
"757372627201814",75,5,1,44,75,1,1,250,0,NA,290,2,2,500,0,250,2940,176450,158050,900,10763
"757382631400413",75,6,2,79,52,1,6,16000,0,NA,300,2,2,1000,50,0,1397,100649,54400,10650,7870
"757382631400414",75,5,2,58,24,1,0,NA,1,650,NA,2,2,150,0,400,1727,103648,102048,500,696
"757382631400415",75,7,1,46,75,1,NA,NA,NA,NA,NA,2,2,500,0,0,2452,206016,183256,1000,11724
"757402638600713",75,2,2,80,49,1,2,30,0,NA,NA,2,2,2400,0,0,1746,41920,0,41920,1398
"757402638600714",75,3,1,57,46,1,12,12000,1,4800,290,2,2,0,0,700,3215,115750,60360,14050,7858
"757402638600715",75,4,1,45,75,1,3,900,0,NA,NA,1,2,250,0,0,1119,53750,53700,50,3254
"757412642802913",75,3,2,43,30,1,1,250,0,NA,290,2,2,410,0,0,3725,134110,50900,83000,3602
"757412642802914",75,4,1,70,40,1,NA,NA,NA,NA,NA,2,2,0,250,0,2824,135580,98730,34000,2821
"757412644905913",75,6,1,56,45,1,2,1600,0,NA,250,2,2,2000,0,0,3937,283500,0,300,1662
"757412644905914",75,5,1,45,75,1,NA,NA,NA,NA,290,2,2,1300,0,0,2055,123300,0,1700,3451
"757422647903213",75,5,2,68,42,1,3,450,0,NA,625,2,2,200,90,0,3116,187000,144000,43000,8782
"757422647903215",75,7,1,58,36,1,4,600,0,3500,NA,1,1,400,0,0,4041,339500,335500,4000,19942
"777472650900313",77,4,1,47,77,1,4,400,0,NA,621,1,2,2000,50,0,1935,92900,91800,1000,3018
"777482654800113",77,3,1,50,49,3,NA,NA,NA,NA,290,2,2,300,0,0,5301,190858,0,49050,6674
"777482654800114",77,6,1,44,36,3,4,1200,0,NA,290,2,2,250,0,0,3093,222700,58700,850,13288
"777482654800115",77,3,2,35,77,1,3,600,0,NA,290,1,2,600,70,0,5465,196750,191700,5050,12729
"777502657401014",77,5,2,32,51,1,2,1300,0,NA,299,2,2,250,0,0,1210,72620,0,750,5485
"777512663200313",77,2,1,63,91,3,NA,NA,NA,NA,NA,NA,NA,1000,0,0,16504,396110,0,11000,4277
"777512663200314",77,2,1,56,79,3,NA,NA,NA,NA,NA,NA,NA,620,0,0,1385,33240,0,33240,5904
"777512663200315",77,4,1,33,77,1,5,500,0,2000,621,1,1,1000,0,3000,770,37000,30000,4000,5013
"777522665903413",77,5,1,31,77,1,5,630,0,NA,289,2,2,350,80,2300,1661,99670,0,12850,3716
"777522665903414",77,2,1,33,77,1,8,850,0,NA,625,2,2,240,50,0,3931,94350,80100,14250,2604
"777522665903415",77,3,2,40,77,1,5,680,0,NA,289,2,2,260,80,230,4764,171506,0,8250,2448
"777522667100113",77,4,1,34,77,1,5,450,0,NA,289,2,2,160,30,0,1303,62550,62400,150,12707
"777522667100114",77,4,1,43,77,1,5,110,0,NA,0,2,2,180,50,0,1833,88010,87960,50,12862
"777522667100115",77,5,2,63,77,1,5,3000,0,NA,289,2,2,380,100,0,1598,95906,55200,50,13633
"777532669202813",77,4,1,45,77,1,1,175,0,NA,289,2,2,500,50,0,1985,95290,34600,50,6888
"777532669202814",77,4,2,30,77,1,1,250,0,NA,289,2,2,600,100,0,2319,111350,111000,350,7361
"777532669202815",77,3,1,56,51,1,NA,NA,NA,NA,NA,2,2,600,0,0,3744,134800,84600,0,6945
"777542671903413",77,5,1,58,77,1,NA,NA,NA,NA,290,2,2,100,0,0,2344,140650,140650,0,6190
"797602675802714",79,5,1,63,79,1,1,600,0,NA,630,1,2,300,120,0,4280,256800,220800,0,11017
"797602675802715",79,4,2,55,79,1,0,9600,1,5000,630,2,2,3000,350,6000,3514,168680,162680,0,3647
"797612678700115",79,3,1,37,79,1,NA,NA,NA,NA,285,2,2,200,50,0,3755,135200,134600,600,10376
"797632683901414",79,7,1,51,79,1,1,120,0,NA,625,2,2,492,0,0,2833,238000,232000,6000,5016
"797652691400513",79,2,2,43,79,1,2,600,0,NA,NA,2,2,300,120,0,21041,505000,505000,0,5779.5
"797662700703013",79,5,1,39,79,2,1,420,0,NA,290,2,2,280,20,0,2362,141750,75700,550,9668
"797672702506814",79,5,1,56,91,1,3,360,0,NA,290,1,2,680,180,0,11568,694090,460100,16850,10935
"797682704900813",79,3,1,73,45,1,2,1400,0,NA,NA,2,2,3200,700,6000,5532,199152,192652,500,12073
"797702714501013",79,6,2,83,79,1,3,170,0,NA,620,1,2,500,0,0,2393,172326,161316,11010,8695
"797702714501014",79,4,2,50,79,1,3,170,0,NA,620,1,2,500,0,0,4862,233390,223500,9890,10187
"797702714501015",79,7,1,65,79,1,4,0,0,NA,620,1,2,400,0,0,2566,215550,207100,8450,5842
"797722722003713",79,2,1,55,79,1,NA,NA,NA,NA,290,2,2,200,0,0,2918,70050,70000,50,5540
"797722722003714",79,4,2,48,79,1,NA,NA,NA,NA,290,2,2,1000,0,0,4491,215590,0,2050,5816
"797732727101413",79,4,2,62,79,1,3,150,2,1500,620,1,1,580,120,0,4379,210210,0,50,12508
"797742731601013",79,4,1,47,79,1,NA,NA,NA,NA,280,2,2,500,500,0,8750,420000,0,240000,9361
"797742731601015",79,11,2,77,79,1,2,1500,0,NA,680,2,2,1500,300,0,4954,654000,654000,0,5610
"797752735201513",79,5,1,58,79,1,NA,NA,NA,NA,621,2,2,420,320,0,3530,211800,211800,0,14392.5
"797762739101513",79,4,1,55,83,1,1,2000,0,NA,300,2,2,500,0,0,5600,268800,264000,4800,22999
"797762739101514",79,3,1,38,1,2,1,300,0,NA,620,1,2,500,300,0,3486,125500,121900,3600,6955
"797762742100813",79,5,2,62,79,1,3,300,0,NA,290,2,2,300,0,1500,1811,108700,95200,12000,4997
"797772744205013",79,8,2,71,79,1,3,0,0,NA,320,2,2,1000,0,0,1969,189050,96000,50,5715
"797772744205014",79,3,2,25,51,3,NA,NA,NA,NA,NA,2,2,700,200,0,2112,76050,76000,50,4959
"797772744205015",79,5,2,54,79,1,4,0,0,NA,624,1,2,500,0,0,3367,202050,202000,50,3800
"797772746006213",79,4,1,39,79,1,3,0,0,NA,320,1,2,1000,0,0,2530,121450,121400,50,4157
"797772746006214",79,1,2,43,79,1,NA,NA,NA,NA,NA,NA,NA,1000,0,0,6670,80050,0,80050,2522
"797772746006215",79,4,1,48,79,1,NA,NA,NA,NA,624,2,2,1000,0,0,4334,208050,128000,80050,6962
"797782749302914",79,1,2,44,79,1,NA,NA,NA,NA,NA,NA,NA,450,100,0,4054,48650,48600,50,4817
"797782749302915",79,8,1,48,79,1,1,500,0,NA,290,2,2,1200,250,2500,2372,227750,225200,50,5965
"797842756501013",79,2,1,77,79,1,NA,NA,NA,NA,NA,NA,NA,310,30,0,1902,45650,45600,50,4817
"797842756501014",79,6,2,80,79,1,NA,NA,NA,NA,NA,2,2,480,30,0,1374,98930,84000,3730,3298
"797842756501015",79,1,1,37,79,1,NA,NA,NA,NA,NA,2,2,220,20,0,3783,45406,43356,2050,5917
"797842759201013",79,4,1,51,79,1,NA,NA,NA,NA,NA,2,2,620,80,0,4245,203770,202520,1250,7287.5
"797842759201014",79,6,1,79,79,1,NA,NA,NA,NA,NA,2,2,850,30,0,2251,162130,63200,2930,13276.6
"797842759201015",79,2,1,35,79,1,NA,NA,NA,NA,NA,NA,NA,286,50,0,1655,39730,0,50,3639.4
"797852761604713",79,6,2,63,79,1,8,1700,3,900,621,1,1,2500,100,0,2072,149250,147200,2050,5322
"797852761604714",79,6,1,60,79,1,2,800,0,NA,290,1,2,4000,100,0,3413,245800,243800,2000,13637
"807942768500113",80,4,1,48,80,1,4,300,0,NA,290,2,2,150,0,0,2842,136420,117320,12000,4294
"807942768500114",80,1,2,73,80,1,2,100,0,NA,NA,1,2,100,0,0,1068,12819,0,11319,711
"807942768500115",80,2,1,58,26,1,6,120,0,NA,621,1,2,0,0,0,2580,61937,5300,47000,5445
"807942771800813",80,4,1,35,80,1,1,180,0,NA,290,2,2,170,40,0,1221,58632,36000,1000,4071
"807942771800814",80,4,2,75,80,1,1,0,0,NA,NA,1,2,290,30,0,1650,79210,61900,1350,3750
"807942771800815",80,4,1,54,80,1,2,600,0,NA,621,2,2,120,60,0,8983,431185,14400,1600,8144
"807972777500613",80,7,1,58,80,1,5,0,0,NA,665,2,2,0,0,0,1610,135249,49000,2250,6944
"807972777500614",80,5,1,45,80,1,2,7000,0,NA,290,2,2,250,0,0,3507,210450,45000,900,14665
"808002787700213",80,4,1,29,80,1,1,30,0,NA,290,2,2,600,0,0,978,46950,23000,400,3446
"808002787700214",80,2,1,56,79,1,3,120,0,NA,NA,NA,NA,0,120,0,2175,52200,44100,8100,1667
"808002787700215",80,2,1,57,80,1,1,2500,0,NA,629,2,2,1500,0,0,4100,98400,14600,6000,1941
"808012792500614",80,4,1,36,80,1,0,NA,1,950,295,2,2,200,0,62,1628,78158,34246,900,3299
"808022796700413",80,3,1,42,80,1,1,250,0,NA,290,2,2,1200,70,0,8161,293800,0,55800,5564
"808022796700414",80,2,2,79,80,1,0,3600,1,800,290,2,2,150,0,6000,1816,43600,0,36500,2536
"808022796700415",80,1,2,44,80,1,4,2400,0,NA,624,2,2,400,0,0,1895,22750,0,500,951
"808042803600513",80,4,1,51,80,1,2,0,0,1050,NA,1,2,0,0,0,1033,49600,46700,500,4372
"808042803600514",80,5,1,34,80,1,0,NA,1,750,625,2,1,450,0,0,1057,63420,0,16650,6749
"808042803600515",80,4,1,51,80,1,1,1050,0,NA,620,2,2,100,0,0,3433,164820,90200,2500,5254
"808052809600113",80,4,1,47,80,1,2,400,0,NA,55,2,2,500,0,0,1594,76530,69300,1200,4023
"808052809600114",80,5,1,64,80,1,1,110,0,NA,621,1,2,120,30,0,1386,83160,69440,1300,5104
"808052809600115",80,4,2,31,80,1,3,150,0,NA,245,2,2,170,0,0,1775,85200,79200,6000,5777
"808062813500713",80,4,2,74,80,1,24,7800,0,NA,621,2,2,300,60,9000,3355,161070,103100,45000,11161
"808062813500714",80,4,1,41,80,1,NA,NA,NA,NA,NA,2,2,2500,0,0,3304,158638,1000,8400,7759
"808062813500715",80,4,1,56,80,1,NA,NA,NA,NA,290,2,2,450,0,0,2592,124450,123850,600,3599
"808072820402313",80,3,1,54,80,1,24,2400,0,NA,290,2,2,0,0,0,4056,146032,0,0,2214
"828152824901813",82,3,2,44,82,1,1,0,0,NA,290,2,2,320,16,0,2846,102470,21700,56770,4059
"828152824901814",82,4,1,53,82,1,NA,NA,NA,NA,290,2,2,350,21,0,5638,270650,246000,21450,11388
"828152824901815",82,5,1,42,82,1,12,1560,0,NA,621,1,2,2700,0,2400,1974,118450,105500,10550,31536
"828152827900613",82,4,1,51,83,1,4,80,0,NA,621,1,2,365,15,0,3504,168196,113000,4850,3243
"828152827900614",82,3,2,32,96,1,4,1000,0,NA,290,2,2,460,14,2100,2469,88909,6000,13550,4955
"828182834800913",82,5,1,57,82,1,1,500,0,23000,621,2,2,1200,0,15000,3978,238730,1800,31480,3770
"828182834800914",82,3,2,50,82,1,4,80,0,NA,394,1,2,150,0,0,1575,56708,0,2350,2416
"828182834800915",82,2,1,70,82,1,5,150,0,160,NA,2,2,1200,0,1500,1197,28750,0,27250,2120
"828192839301513",82,2,1,46,82,1,2,950,0,NA,NA,NA,NA,180,40,500,1738,41720,31400,5050,1182
"828192839301515",82,1,2,67,82,1,1,500,0,NA,NA,1,2,260,50,1000,3891,46700,0,16460,856
"828192842001313",82,1,2,83,82,1,3,30,0,NA,NA,1,2,240,0,300,1434,17210,0,16910,629
"828202844401513",82,8,1,44,82,1,1,100,1,130,NA,2,2,760,160,500,1363,130863,106790,8200,3342
"828202844401514",82,3,1,62,82,1,8,240,0,1700,621,1,2,900,0,1564,2631,94746,55700,4650,2211
"828202851300513",82,4,1,58,82,1,12,3960,0,NA,NA,NA,NA,630,0,0,2034,97641,0,2700,2447
"828202851300514",82,4,2,51,82,1,1,260,0,NA,290,2,2,186,6,0,1784,85675,61970,1200,3457
"828212854601113",82,4,2,45,82,1,NA,NA,NA,NA,290,2,2,80,30,0,2395,114960,102750,3600,7544
"828212854601114",82,3,2,35,82,1,6,6,0,NA,290,1,2,80,30,2000,1483,53415,38660,9600,3492
"828212854601115",82,6,1,57,82,1,3,12,0,10000,621,2,2,400,60,6000,1691,121780,68950,25000,7171
"828222863001113",82,3,2,42,82,1,4,6000,0,NA,NA,1,2,200,20,0,588,21170,9000,2710,2851
"828222863001114",82,2,2,59,82,1,3,0,0,NA,621,1,2,300,0,0,1619,38860,0,3250,1366
"828232866900713",82,3,1,46,82,1,NA,NA,NA,NA,NA,NA,NA,200,80,0,2246,80888,0,20050,2782
"828232866900714",82,3,1,55,82,1,NA,NA,NA,NA,621,2,2,140,0,0,1941,69907,0,38050,2226
"828242872301313",82,7,1,69,82,1,1,0,0,NA,621,2,2,350,0,0,2579,216719,183600,730,5182
"828242872301314",82,5,1,46,82,1,10,0,0,NA,290,2,2,400,0,0,1656,99403,9600,29900,3324
"828242872301315",82,4,1,42,82,1,1,300,2,3400,290,1,1,350,0,0,1018,48908,24200,2950,3131
"828252869602413",82,3,1,53,82,1,NA,NA,NA,NA,290,2,2,200,0,0,5373,193460,156200,50,4915
"828252869602414",82,6,2,51,82,1,4,160,0,NA,290,2,2,1000,0,0,461,33230,10500,5160,3373
"828252869602415",82,3,1,41,82,1,NA,NA,NA,NA,290,2,2,200,0,0,2650,95415,21000,48050,2469
"838292877700113",83,2,1,65,83,1,NA,NA,NA,NA,621,2,2,280,0,0,4161,99880,0,1000,9026
"838292877700114",83,1,2,60,83,1,2,4000,0,NA,NA,NA,NA,100,0,16000,4333,52000,0,36000,4292
"838292877700115",83,2,1,63,83,1,2,450,0,NA,621,2,2,160,0,0,7350,176400,0,1500,5546
"838312881300313",83,4,1,52,83,1,3,0,0,NA,220,2,2,300,0,0,1771,85030,0,3070,3824
"838312881300314",83,4,1,41,83,1,1,30,0,2600,NA,1,2,230,25,0,1249,59991,0,7820,5236
"838312881300315",83,3,1,55,83,1,2,200,0,NA,NA,2,2,0,0,0,1442,51920,39500,1070,1428
"838312886102013",83,4,2,68,83,1,NA,NA,NA,NA,650,2,2,500,0,0,1967,94450,82200,2070,3783
"838312886102015",83,3,2,61,83,1,2,170,0,NA,NA,2,2,370,110,0,2402,86493,22000,500,4082
"838332895101113",83,5,1,48,83,1,2,3200,0,NA,289,2,2,250,0,0,6235,374101,86650,3000,11643
"838332895101114",83,2,2,78,83,1,12,600,0,NA,0,2,2,60,0,0,1684,40439,6500,16440,3033
"838332895101115",83,3,1,48,83,1,3,150,0,NA,NA,2,2,200,0,0,15322,551614,0,24000,6977
"838342899300613",83,4,1,52,83,1,5,0,0,4200,360,1,2,360,0,0,1372,65900,60900,5000,510
"838342899300614",83,1,2,80,83,1,0,690,1,1150,NA,1,1,1100,100,3000,1480,17760,0,14760,698
"838342899300615",83,5,2,76,84,1,2,2460,0,12000,621,1,2,864,900,7000,2570,154228,141464,2500,530
"838342903501713",83,2,1,70,83,1,4,100,0,NA,621,1,2,200,350,0,2243,53850,0,22400,912
"838342903501715",83,5,2,77,83,1,10,1200,0,NA,NA,2,2,0,0,1200,730,43830,30000,3900,1058.5
"838352907700813",83,5,1,63,83,1,2,200,0,NA,0,2,2,200,0,0,1111,66680,35000,6000,6053
"838352907700814",83,1,2,77,83,1,3,0,0,NA,NA,1,2,50,0,0,1241,14900,0,14900,1459
"838352907700815",83,6,2,78,83,1,6,120,0,NA,0,1,2,5400,20,0,864,62260,29820,2000,3927
"838362912200813",83,5,2,65,83,1,NA,NA,NA,NA,621,2,2,707,80,0,3206,192387,0,45240,4079
"838362912200814",83,3,2,58,83,1,3,0,0,NA,290,1,2,150,0,0,1548,55735,25000,1325,2856
"838362912200815",83,4,1,37,83,1,3,480,0,NA,189,2,2,300,50,0,2690,129120,0,500,12651
"838362915800413",83,5,1,42,83,1,NA,NA,NA,NA,292,2,2,656,50,0,2089,125342,121760,100,5207
"838362915800414",83,4,1,39,83,1,1,0,0,NA,299,2,2,250,0,0,1399,67180,33000,250,5898
"838362915800415",83,2,2,44,83,1,8,120,0,NA,NA,1,2,455,305,0,1789,42950,0,0,1752
"838372919100713",83,5,1,59,83,1,3,1000,0,NA,290,2,2,1000,0,0,2088,125300,52000,30150,4300
"838372919100714",83,2,2,60,83,1,4,2000,0,NA,NA,NA,NA,200,0,0,896,21525,0,6100,2083
"838372919100715",83,3,1,75,83,1,1,800,0,NA,621,1,2,120,0,0,1432,51563,4050,15000,3356
"838372923301213",83,3,2,84,83,1,2,80,0,NA,NA,1,2,100,0,0,854,30770,18600,5520,1784
"838372923301214",83,2,1,48,83,1,3,3500,0,NA,NA,NA,NA,0,100,0,2860,68659,56600,12000,1983
"838382893301013",83,5,2,38,83,1,0,0,2,2400,NA,1,2,150,0,0,1499,89950,32820,26840,6406
"838382893301014",83,5,2,73,83,1,4,200,0,1000,290,2,2,600,0,0,2260,135612,68880,1500,3758
"838382893301015",83,4,2,61,83,1,2,0,0,NA,NA,2,2,400,0,0,1550,74421,39000,0,3220
"848422923601513",84,4,1,39,84,1,2,5000,0,NA,285,1,2,800,0,0,2170,104200,104200,0,9425
"848422923601514",84,5,2,51,84,1,10,1200,0,NA,NA,2,2,260,20,0,1324,79470,0,0,6840
"848422923601515",84,5,1,56,84,1,3,600,0,NA,630,1,2,240,25,0,2228,133680,83600,0,7472
"848442926901113",84,1,1,49,84,1,NA,NA,NA,NA,NA,NA,NA,80,0,0,4747,56975,0,2000,2680
"848442926901114",84,2,1,56,84,1,NA,NA,NA,NA,290,2,2,170,0,0,5716,137188,0,36000,2129
"848442926901115",84,3,1,47,84,1,0,50,1,12100,290,1,2,300,100,0,2877,103592,51100,18000,3175
"848442929002113",84,3,1,54,84,1,10,2100,0,NA,NA,2,2,0,0,0,7317,263430,263430,0,3765
"848442929002114",84,1,2,54,84,1,4,240,0,NA,NA,1,2,120,0,0,1068,12820,0,300,1086
"848452932000514",84,1,1,59,84,1,4,180,0,NA,NA,2,2,165,0,0,2735,32825,0,7600,1787
"848452932000515",84,3,1,50,84,1,3,195,0,NA,NA,1,2,2100,165,0,3463,124700,105000,6000,1998
"848462934101113",84,4,2,39,84,1,5,5000,0,NA,360,2,2,120,50,2500,2720,130598,120128,0,4817
"848462934101114",84,5,1,46,84,1,48,100,2,600,621,2,2,7700,0,0,746,44760,39900,2300,2221
"848462934101115",84,3,1,46,84,1,6,0,0,NA,NA,1,2,250,50,800,2467,88828,38228,24000,3398
"848482943102213",84,3,2,32,84,1,4,200,0,NA,620,1,2,150,80,0,1915,68962,25700,500,3897
"848482943102214",84,2,1,50,84,1,1,4000,0,5000,NA,NA,NA,1000,200,0,930,22336,0,1000,3892
"848482943102215",84,3,1,52,84,1,1,100,0,NA,NA,NA,NA,1365,10,0,2316,83409,78900,1000,1284
"848482945800513",84,4,2,63,84,1,5,150,0,NA,NA,2,2,480,0,0,766,36801,24960,4320,4941
"848482945800514",84,4,1,51,84,1,2,220,0,NA,NA,2,2,650,0,0,652,31310,8500,21360,3222
"848492947901713",84,2,1,61,84,1,1,0,0,NA,NA,2,2,360,0,0,1972,47338,10320,5000,4355
"848492947901714",84,3,2,67,84,1,1,2050,0,NA,NA,2,2,3600,0,5650,581,20924,6480,3660,1853
"848492947901715",84,4,1,39,84,1,0,520,1,700,NA,2,2,3000,0,700,1832,87965,86605,0,3523
"868572957501113",86,3,1,51,86,1,2,210,1,800,621,1,1,110,80,0,2279,82064,0,23270,8143
"868572957501114",86,4,1,45,86,1,2,55,0,NA,290,2,2,110,36,0,2693,129289,0,45012,6828
"868572957501115",86,4,1,51,86,1,2,80,0,NA,621,2,2,340,180,0,3475,166845,82350,18885,6747
"868572959900313",86,10,1,51,86,1,2,130,0,NA,NA,1,2,1080,160,430,1348,161845,155750,5665,10397
"868572959900314",86,4,1,39,86,1,1,20,0,NA,290,2,2,160,84,0,2727,130915,113100,11775,6719
"868572959900315",86,1,1,74,86,1,6,120,0,NA,NA,1,2,80,0,0,403,4840,0,4840,1359
"868582962900513",86,4,1,43,86,1,1,90,0,NA,290,1,2,240,90,0,1037,49810,49400,410,5672
"868582962900514",86,3,2,32,86,1,2,160,0,NA,290,1,2,135,65,0,1449,52195,51660,510,4616
"868582962900515",86,5,1,39,86,1,2,80,0,NA,290,1,2,270,70,0,1197,71874,60300,405,7038
"868592967100113",86,2,1,28,86,1,NA,NA,NA,NA,NA,2,2,175,80,0,3168,76051,41100,1618,2865
"868592967100114",86,5,1,57,86,1,2,120,0,NA,290,1,2,700,30,300,1029,61757,7900,4012,3212
"868592967100115",86,5,2,71,86,1,14,360,0,NA,NA,1,2,410,0,0,1002,60154,9400,16252,4769
"868592970101213",86,4,1,42,86,1,NA,NA,NA,NA,290,2,2,150,0,0,2276,109256,0,580,2422
"868592970101214",86,2,2,93,86,1,2,340,0,600,621,1,2,460,100,1500,1681,40345,0,18160,881
"868592970101215",86,2,2,39,86,1,1,1200,0,NA,NA,NA,NA,420,40,0,1321,31704,11640,618,1927
"868602972800113",86,6,1,47,86,1,4,260,0,NA,289,2,2,1000,0,0,1374,98945,0,5780,8675
"868602972800114",86,3,2,66,86,1,4,1200,0,NA,289,1,2,500,0,0,1844,66406,0,16020,3908
"868602972800115",86,4,1,41,86,2,NA,NA,NA,NA,290,2,2,145,45,0,6040,289940,53530,9250,5020
"868612981501213",86,5,1,48,86,1,2,320,0,2100,NA,2,1,186,0,1500,2120,127231,99900,3000,7140
"868612981501214",86,6,1,72,86,1,2,300,0,8000,497,2,2,300,0,4400,1402,101000,0,53160,9806
"868612981501215",86,2,2,60,86,1,1,50,0,NA,621,2,2,500,30,0,1252,30060,0,26960,1550
"868622983900813",86,2,2,62,86,1,1,250,0,NA,NA,1,2,150,0,200,1758,42200,40200,1800,1081
"868622983900814",86,3,2,41,86,1,10,650,0,NA,289,2,2,250,0,0,1397,50319,20200,8300,1721
"868622983900815",86,6,1,58,86,1,2,0,0,NA,560,1,2,210,0,0,932,67125,0,34700,3122
"868632977900513",86,4,1,39,86,1,3,180,0,NA,290,1,2,180,85,0,1065,51152,26260,2235,3104
"868632977900514",86,2,2,75,86,1,2,110,0,NA,NA,NA,NA,86,40,80,677,16250,10850,5320,1192
"878662986300814",87,5,1,36,87,1,5,200,0,NA,289,2,2,200,0,0,1313,78800,34800,44000,6857
"878662989302813",87,6,2,51,87,1,2,0,0,NA,620,2,2,300,0,0,2251,162084,37100,0,3721
"878662989302814",87,4,1,38,87,1,1,40,0,NA,620,1,2,500,0,0,2080,99844,88924,10550,4681
"878662989302815",87,3,1,59,87,1,1,1500,0,NA,620,1,2,1500,0,0,8560,308170,0,253310,5881
"878682995502514",87,4,2,37,87,1,3,135,0,NA,289,2,2,250,60,0,1316,63170,0,6500,3937
"878692992900813",87,4,1,34,87,1,3,210,0,NA,290,2,2,700,0,0,1008,48431,14620,0,4141
"878692992900814",87,4,1,43,87,1,0,0,2,11500,621,2,2,1200,500,0,4674,224380,0,0,5271
"878702998001213",87,7,1,58,87,1,6,20,0,NA,623,2,2,1300,0,0,2058,172916,52600,2460,2746
"878702998001215",87,2,1,52,87,1,1,30,0,NA,NA,NA,NA,30,10,0,1449,34783,9600,12000,2268
"878713002203013",87,3,2,50,87,1,5,500,0,NA,630,1,2,600,120,0,891,32100,0,36000,7078
"878713002203014",87,4,1,40,87,1,3,180,0,NA,290,2,2,400,0,0,1252,60126,0,0,3654
"878713002203015",87,4,1,31,87,1,2,0,0,3500,NA,1,2,350,80,1000,1051,50480,39500,0,1742
"878723005501713",87,6,1,65,87,1,0,0,1,1150,621,2,2,800,0,0,1914,137850,43200,0,4837
"878723005501714",87,4,1,42,87,1,1,700,0,NA,290,2,2,300,0,0,5381,258300,0,0,5785
"878723005501715",87,4,1,43,87,1,1,700,0,NA,621,1,2,300,0,0,4846,232640,0,140000,5087
"878733008802113",87,3,1,74,87,1,2,120,0,NA,621,1,2,124,0,0,3530,127084,84180,16810,6691
"878733011802113",87,5,1,77,87,1,1,40,0,NA,290,1,2,1140,60,0,1499,89978,0,4550,3726
"878733011802115",87,2,2,72,87,1,2,300,0,NA,559,1,2,300,0,0,854,20500,0,18000,2415
"878743014200413",87,4,1,40,87,1,6,275,0,530,289,1,1,428,38,280,1388,66665,31900,700,3568
"878753017802513",87,2,1,64,87,1,6,600,0,NA,NA,NA,NA,310,0,0,1343,32240,11200,2000,1980
"878753017802514",87,4,2,48,87,1,3,0,0,850,621,2,1,120,0,0,1415,67935,0,8960,3300
"878753017802515",87,4,1,44,87,1,6,450,0,NA,290,2,2,300,100,0,1097,52680,52680,0,4201
"878753019901313",87,4,1,46,87,1,8,500,0,NA,NA,NA,NA,300,0,0,1523,73120,44400,2000,3215
"878753019901315",87,4,1,55,87,1,4,0,0,NA,621,1,2,130,0,0,2346,112625,43200,350,5698
"878763022300413",87,6,1,66,87,1,3,5000,0,NA,290,2,2,180,0,0,3251,234120,54000,180000,10074
"878773025303313",87,5,2,62,87,1,4,240,2,0,0,2,1,320,0,0,2639,158354,43572,84000,3098
"878773025303314",87,7,1,70,87,1,2,400,0,NA,621,1,2,100,0,0,1360,114288,0,0,6039
"878773025303315",87,4,1,44,87,1,NA,NA,NA,NA,285,2,2,130,0,0,1813,87038,0,0,4034
"898833028304313",89,3,2,40,89,2,3,150,0,NA,NA,NA,NA,450,15,0,2324,83685,39000,400,5265
"898833028304314",89,6,1,42,89,1,2,200,0,NA,NA,2,2,100,20,0,2877,207190,75600,93550,11109
"898833028304315",89,2,2,70,89,1,24,480,0,NA,NA,2,2,30,5,0,999,23980,16200,7780,1186
"898833030100713",89,2,2,72,89,1,24,960,0,NA,621,1,2,300,10,0,2027,48650,0,48650,2962
"898833030100714",89,2,1,47,89,1,NA,NA,NA,NA,NA,NA,NA,180,40,0,2761,66280,0,36050,5131
"898833030100715",89,4,1,49,89,1,3,350,3,6800,621,2,2,600,15,2000,2243,107710,98100,7610,10395
"898843031605413",89,2,2,57,99,1,2,140,0,NA,621,2,2,300,0,0,4787,114890,37500,20000,4190
"898873037605513",89,1,2,57,89,1,NA,NA,NA,NA,NA,2,2,120,0,0,5556,66680,66180,500,2722
"898873037605515",89,3,1,68,89,1,2,0,0,NA,NA,1,2,240,0,0,2152,77500,37000,40500,5823
"898883040604413",89,2,2,57,89,1,2,100,0,NA,290,2,2,190,60,0,2725,65420,0,5400,4431
"898883040604414",89,6,1,47,89,1,2,80,0,2000,621,2,2,180,330,0,6741,485419,0,15500,16628
"898883040604415",89,4,1,45,89,1,1,180,0,NA,NA,NA,NA,460,50,0,1600,76800,76800,0,7188
"898883044501013",89,4,1,59,89,1,2,300,0,NA,NA,NA,NA,400,0,0,1721,82650,36000,12000,4167
"898883044501014",89,6,1,47,89,1,2,160,0,NA,621,2,2,240,0,0,1725,124211,0,29020,6347
"898883044501015",89,6,2,64,89,1,2,400,0,NA,290,2,2,400,0,0,774,55780,0,9500,6064
"898893046900813",89,3,1,59,89,1,0,6000,4,20000,NA,2,2,600,0,15000,1372,49400,0,10000,4406
"898893046900814",89,5,1,42,89,1,24,2400,0,NA,250,2,2,500,0,0,5457,327473,0,3010,7658
"898893046900815",89,2,1,46,89,1,1,70,0,NA,NA,NA,NA,270,0,0,1295,31100,30600,500,1691
"898893049000513",89,4,1,35,89,1,1,600,0,NA,621,2,2,800,0,0,1491,71600,3600,580,4107
"898893049000514",89,2,2,78,89,1,3,450,0,NA,620,1,2,300,0,0,2624,62980,2760,1200,3216
"898893049000515",89,2,1,50,89,1,NA,NA,NA,NA,628,2,2,300,0,0,2892,69410,0,400,3976
"898903053201813",89,3,2,48,89,1,1,0,0,NA,NA,1,2,90,0,200,1501,54059,0,3300,2405
"898903053201814",89,5,2,73,89,1,1,0,0,500,NA,1,1,150,0,250,1205,72358,16000,4300,5004
"898903053201815",89,4,2,76,89,1,1,0,0,NA,NA,2,2,160,0,120,1043,50068,11000,10100,3910
"898913057401415",89,3,1,38,89,1,3,300,0,NA,290,2,2,350,100,0,2941,105900,0,2500,11600
"898923060703113",89,6,1,45,89,1,4,120,0,NA,280,1,2,900,250,0,1896,136540,0,5000,8516
"898923060703114",89,3,1,49,89,1,2,80,0,NA,628,1,2,750,200,0,3661,131800,111800,2000,6352
"898923060703115",89,4,1,46,89,1,6,180,0,NA,280,1,2,700,300,0,1609,77250,6000,4000,6319
"898933063701613",89,5,1,53,89,1,2,40,0,NA,621,2,2,400,0,0,2614,156850,126000,2050,8283
"898933063701614",89,6,1,61,89,1,3,150,0,NA,290,2,2,400,0,0,2229,160550,48000,50,8236
"898933063701615",89,4,1,48,89,1,4,200,0,NA,290,2,2,200,0,0,4382,210350,0,1550,8033
"898933065805313",89,1,1,34,89,1,2,100,0,NA,NA,NA,NA,60,0,0,3687,44250,44200,50,1639
"898933065805314",89,2,1,54,89,1,0,300,1,6000,621,1,2,500,0,0,1877,45050,27000,18050,1334
"898933065805315",89,7,1,63,89,1,5,200,0,NA,672,1,2,800,0,0,1628,136835,31100,9250,8671
"898943068202513",89,2,1,46,89,1,1,70,0,NA,590,1,2,150,0,0,3337,80100,0,700,5582
"898943068202514",89,6,1,49,89,1,2,100,0,100,621,2,1,200,150,500,2093,150700,149200,1000,8885
"898943068202515",89,4,1,54,89,1,1,200,0,NA,290,2,2,300,0,800,2643,126900,0,96000,10986
"898943070902913",89,4,1,42,89,1,1,300,0,NA,NA,2,2,220,0,0,784,37664,24200,1600,3021
"918993073301813",91,2,1,54,80,1,1,4500,0,NA,621,2,2,1000,0,0,68058,1633400,560000,1035000,7264
"919043085002613",91,5,1,48,91,1,5,840,0,NA,290,2,2,200,0,0,2645,158735,0,2500,7627
"919063090402513",91,8,1,68,91,1,2,0,0,400,600,2,2,480,70,800,1814,174190,54300,5000,9414
"919073095500113",91,4,1,58,91,1,3,30,0,500,NA,1,1,400,20,300,1159,55650,42200,1000,3982
"919073095500114",91,6,2,61,91,1,2,800,0,700,290,2,1,1000,0,2000,831,59874,32160,15070,2506
"919073095500115",91,5,1,32,91,1,2,300,0,NA,NA,2,2,200,0,0,249,14958,8100,750,3446
"919073097900513",91,1,2,77,91,1,NA,NA,NA,NA,NA,NA,NA,300,50,0,1678,20140,0,15640,3779
"919073097900514",91,6,1,74,91,1,2,800,1,3000,625,1,1,360,0,0,1081,77871,18000,12650,5199
"919073097900515",91,3,1,34,91,1,3,0,0,NA,629,1,2,300,0,0,2226,80160,0,4600,3242
"919103106002013",91,6,1,54,91,1,0,NA,1,10000,NA,NA,NA,400,0,500,1184,85250,0,1900,6688
"919103106002014",91,2,2,66,92,1,NA,NA,NA,NA,NA,NA,NA,300,0,0,1197,28740,0,8000,2132
"919133106601314",91,4,1,40,91,1,1,120,0,NA,285,2,2,800,0,0,1369,65720,64260,1250,1694
"929163111701514",92,4,1,72,92,1,12,480,0,NA,289,2,2,700,200,0,9711,466128,108000,38950,3331
"929163111701515",92,13,2,62,92,1,12,3000,0,8000,289,2,2,1300,100,0,10525,1642010,226200,90450,5401
"929163114100913",92,6,1,50,92,1,2,400,0,NA,621,1,2,650,50,0,5081,365880,162820,5320,3722
"929163114100915",92,3,1,54,92,1,2,200,0,NA,628,1,2,500,100,0,5380,193700,64000,3000,4415
"929173115400413",92,3,1,59,92,1,1,100,0,NA,NA,NA,NA,400,0,0,2701,97240,49900,6250,2325
"929173115400414",92,3,1,70,92,1,2,300,0,0,NA,2,2,500,0,0,674,24275,0,24275,1785
"929173116205113",92,1,1,85,92,1,40,400,0,NA,NA,1,2,100,0,0,1379,16550,0,3050,2711
"929173116205114",92,3,1,54,92,1,NA,NA,NA,NA,NA,2,2,300,0,0,2247,80920,70300,750,3911
"929173116205115",92,5,1,52,92,1,NA,NA,NA,NA,NA,2,2,500,0,0,1810,108600,56250,150,6953
"929183118000813",92,7,1,82,92,1,1,70,0,10000,628,2,2,740,150,0,2454,206200,175200,10700,7390
"929183118000814",92,3,1,58,92,1,6,300,0,NA,629,1,2,300,30,0,1790,64450,0,50,3112
"929183118000815",92,4,1,51,92,1,2,250,0,NA,290,2,2,280,0,0,2974,142760,0,8550,6121
"929233120703613",92,1,2,67,92,1,NA,NA,NA,NA,NA,NA,NA,0,0,0,837,10050,0,550,2101
"929233120703614",92,4,1,45,92,1,3,600,0,NA,290,2,2,2500,0,0,1882,90350,90300,50,5947
"929233120703615",92,4,1,35,92,1,2,120,0,NA,NA,1,2,450,0,0,852,40920,0,1850,5992
"929233121601113",92,4,1,38,92,1,1,20,0,NA,290,2,2,1300,0,0,2339,112287,6116,5050,6613
"929233121601114",92,4,1,35,92,1,4,160,0,NA,289,2,2,50,0,0,944,45350,13500,3500,5254
"929233121601115",92,3,1,31,92,1,2,160,0,NA,290,2,2,500,0,0,1784,64250,45200,650,2958
"929243123701113",92,5,1,60,92,1,6,0,0,NA,621,1,2,200,50,0,24872,1492340,0,990050,6991
"929243123701114",92,5,2,61,92,1,3,420,0,NA,620,2,2,500,0,0,914,54850,52400,2450,2881
"929243123701115",92,7,2,78,92,1,3,200,0,NA,290,2,2,600,0,0,953,80110,44700,2050,4501
"929253124900613",92,5,1,38,92,1,4,250,0,NA,289,1,2,200,40,0,1466,87984,34500,17050,6097
"929253124900614",92,4,1,39,92,1,2,90,0,NA,NA,2,2,360,0,0,778,37350,34800,2550,2783
"929253124900615",92,5,1,55,92,1,3,140,0,NA,627,1,2,480,0,0,886,53200,30100,650,3086
"929263129901413",92,2,1,50,92,1,7,840,0,NA,629,2,2,100,30,0,8251,198046,0,50,7192
"929263129901415",92,7,1,58,92,1,4,0,0,NA,621,2,2,200,100,0,2649,222570,112120,50,4930
"929273125801013",92,4,1,40,92,1,12,600,0,NA,621,1,2,200,0,0,1948,93550,93300,250,4072
"929273125801014",92,4,2,40,92,1,NA,NA,NA,NA,NA,2,2,300,0,0,1975,94825,94075,750,3080
"929273125801015",92,4,1,35,92,1,1,50,1,12000,290,2,2,200,0,0,1913,91850,0,450,3889
"929273129400414",92,5,1,37,92,1,1,20,0,3000,290,1,1,200,0,0,2242,134550,98340,1850,7364
"939303132100313",93,4,1,44,93,1,3,0,0,NA,NA,2,2,0,0,0,1828,87760,81600,6160,3288
"939303132100314",93,5,1,52,93,1,NA,NA,NA,NA,290,2,2,200,0,0,1413,84780,55700,27000,3073
"939303132100315",93,4,2,34,93,1,2,950,0,NA,621,2,2,350,1200,0,7464,358300,0,238000,5264
"939313134101214",93,4,1,37,93,1,2,20,0,NA,290,1,2,70,0,0,832,39972,32900,450,3247
"939313134101215",93,4,1,57,93,1,1,290,0,NA,NA,NA,NA,1650,0,0,1068,51310,0,4000,4056
"939323135901213",93,4,1,30,93,1,2,10,0,NA,NA,1,2,0,0,0,1050,50435,4240,300,3609
"939323135901214",93,3,1,55,93,1,3,270,0,NA,NA,1,2,1100,0,0,1328,47814,9500,23000,2550
"939323135901215",93,5,2,43,92,1,1,1280,0,NA,290,1,2,400,0,0,2085,125100,12500,6500,5504
"939333137501213",93,4,1,55,93,1,2,20,0,NA,NA,2,2,100,0,0,2521,121050,100400,2300,3392
"939333137501214",93,2,1,59,93,1,2,200,0,NA,621,2,2,420,0,0,9686,232470,10000,209900,2163
"939333137501215",93,2,1,76,93,1,0,150,1,1700,621,1,1,0,0,0,1139,27350,0,8500,3154
"939343140200813",93,5,1,42,93,1,0,6500,1,13500,290,2,2,500,0,4000,7663,459790,0,21240,9795
"939343140200814",93,2,1,58,93,1,18,0,0,1800,621,1,2,800,0,500,6173,148173,0,25000,4795
"939343140200815",93,3,2,35,93,1,5,100,0,NA,NA,1,2,80,0,0,943,33975,25890,2560,4179
"939343142601414",93,2,2,51,93,1,1,1400,0,NA,289,2,2,0,0,0,2148,51565,6000,10000,1644
"939353144100113",93,5,1,43,93,1,NA,NA,NA,NA,290,2,2,0,0,0,1737,104230,0,48000,3451
"939353144100114",93,5,2,65,93,1,NA,NA,NA,NA,290,2,2,150,0,0,44116,2646980,0,551000,11095
"939353144100115",93,2,2,60,93,1,NA,NA,NA,NA,290,2,2,50,0,0,2297,55148,39048,9300,1155
"939353146501713",93,4,1,72,93,1,3,170,0,NA,621,1,2,0,0,0,922,44285,6500,8000,1302
"939353146501714",93,6,1,57,93,1,2,90,0,NA,621,1,2,0,0,0,3270,235500,0,63500,19383
"939353146501715",93,4,1,48,93,1,3,70,0,NA,290,2,2,60,0,0,1256,60335,5200,3000,2671
"939363149502613",93,3,1,56,93,1,NA,NA,NA,NA,621,2,2,100,950,0,2430,87480,0,8000,2101
"939363149502614",93,5,1,39,93,1,2,150,0,NA,621,1,2,200,0,0,1965,117950,0,8700,6337
"939363149502615",93,2,1,44,93,1,NA,NA,NA,NA,NA,NA,NA,0,0,0,1602,38450,16700,17000,2773
"949443159700413",94,2,2,77,94,1,4,360,0,200,NA,1,2,1440,160,2000,1155,27740,0,22660,4229
"949443159700415",94,4,1,30,94,1,1,120,0,NA,290,2,2,280,60,500,1210,58089,23040,16850,2830
"949493175601613",94,3,1,64,94,1,2,100,0,1000,0,1,1,100,0,0,1941,69896,0,5050,2744
"949493175601614",94,5,1,36,94,1,2,100,0,NA,NA,2,2,200,0,0,6002,360144,0,5000,6862
"949493175601615",94,7,1,41,94,1,1,50,0,1200,NA,1,2,400,45,0,465,39125,0,8745,3330
"959543182801213",95,4,1,55,95,1,NA,NA,NA,NA,629,2,2,500,100,0,1708,82000,67000,15000,4035
"959563184901013",95,4,1,44,95,1,NA,NA,NA,NA,NA,NA,NA,400,0,0,1364,65480,40000,1000,3320
"959563184901014",95,4,2,54,95,1,NA,NA,NA,NA,NA,NA,NA,300,0,0,1007,48362,0,0,1415
"959563186102213",95,4,2,72,95,1,1,60,0,NA,NA,2,2,300,0,0,1088,52230,0,0,2733
"959563186102214",95,6,1,45,95,1,NA,NA,NA,NA,100,2,2,250,0,0,872,62800,0,0,3895
"959563186102215",95,2,1,60,95,1,NA,NA,NA,NA,NA,NA,NA,450,0,0,2688,64530,0,0,2215
"959593194801413",95,2,1,51,95,1,NA,NA,NA,NA,NA,NA,NA,200,30,0,437,10500,9000,1500,1682.5
"959593194801415",95,3,1,54,95,1,1,100,0,NA,621,2,2,350,50,0,2907,104660,0,0,2763
"959603198401113",95,3,1,66,95,1,5,3000,0,NA,NA,1,2,0,0,3500,816,29400,0,8000,4316
"959603198401114",95,4,1,35,95,1,NA,NA,NA,NA,290,2,2,500,0,0,1762,84600,33600,3000,5358
"959603198401115",95,1,2,60,95,1,5,4800,0,NA,NA,1,2,0,0,3800,2308,27700,0,8000,2259
"959613191801813",95,4,2,42,95,1,5,290,0,NA,220,2,2,340,120,0,1524,73180,0,0,5432
"969673209201213",96,3,1,27,96,1,NA,NA,NA,NA,NA,2,2,1000,0,0,4366,157210,78000,0,3116
"969673209201214",96,4,1,51,37,1,NA,NA,NA,NA,NA,NA,NA,1000,0,0,864,41500,40800,0,2320
"969673209201215",96,3,1,49,96,1,NA,NA,NA,NA,621,2,2,180,50,0,1438,51790,0,0,1850
"969683211000113",96,4,1,51,96,1,6,2400,0,NA,360,2,2,500,0,1000,713,34257,9000,7000,2465
"969683211000114",96,1,2,67,96,1,4,280,0,NA,NA,NA,NA,1400,0,4000,847,10165,0,2000,1114
"969683211000115",96,5,1,61,96,1,4,500,0,NA,623,1,2,1000,0,0,1685,101140,30100,4000,5670
"969693214100213",96,4,1,55,96,1,3,420,0,NA,621,2,2,170,0,0,2046,98250,0,500,5202
"969693214100215",96,5,1,50,96,1,2,340,0,9000,NA,NA,NA,140,0,0,1631,97880,97680,200,2153
"969723221501513",96,5,1,55,96,1,4,300,0,NA,NA,1,2,200,0,0,849,50970,5000,16020,1931
"969733223900513",96,4,1,41,96,1,12,6000,0,NA,290,2,2,100,50,0,1995,95775,11040,3000,8237
"969733223900515",96,2,1,47,95,1,25,8000,0,NA,660,1,2,200,0,0,1276,30640,0,20000,3032
